Date_Heure;weather_air_temperature;REFERENCE EFFICAP - Circuit AB ;REFERENCE EFFICAP - Circuit CD;weather_direct_normal_radiation;weather_precipitation;;;;;
01/05/2026 00:00;13.9;22.7;22.4;0;0;;;;;
01/05/2026 01:00;13.3;22.7;22.3;0;0;;;;;
01/05/2026 02:00;12.7;22.6;22.3;0;0;;;;;
01/05/2026 03:00;13.3;22.6;22.3;0;0;;;;;
01/05/2026 04:00;12.8;22.6;22.2;0;0;;;;;
01/05/2026 05:00;12.4;22.5;22.2;0;0;;;;;
01/05/2026 06:00;12;22.4;22.1;0;0;;;;;
01/05/2026 07:00;11.9;22.4;22.1;0;0;;;;;
01/05/2026 08:00;13;22.4;22.1;263.5;0;;;;;
01/05/2026 09:00;14.5;22.4;22.1;134.4;0;;;;;
01/05/2026 10:00;15.9;22.6;22.2;372.9;0;;;;;
01/05/2026 11:00;18.1;22.8;22.3;558;0;;;;;
01/05/2026 12:00;20.3;23;22.4;696.6;0;;;;;
01/05/2026 13:00;22.2;23.2;22.6;822.1;0;;;;;
01/05/2026 14:00;23.1;23.2;22.7;802.4;0.3;;;;;
01/05/2026 15:00;22.1;23.3;22.8;823.7;0.9;;;;;
01/05/2026 16:00;22.6;23.3;23;800.4;0.4;;;;;
01/05/2026 17:00;23;23.4;23;620.8;0.1;;;;;
01/05/2026 18:00;22.9;23.4;23;622.7;0.1;;;;;
01/05/2026 19:00;21.7;23.4;23;461.1;0.9;;;;;
01/05/2026 20:00;19.2;23.4;23;15.6;1.7;;;;;
01/05/2026 21:00;18;23.4;23;0;0.2;;;;;
01/05/2026 22:00;17.4;23.3;22.9;0;0;;T Ext Mai-juin 26 m24h;T int Mai-juin 26 m24h;;
01/05/2026 23:00;16.6;23.3;22.9;0;0;;17.20416667;22.73333333;;
02/05/2026 00:00;15.9;23.2;22.8;0;0;;17.2875;22.75208333;;
02/05/2026 01:00;15.4;23.2;22.8;0;0;;17.375;22.77291667;;
02/05/2026 02:00;14.8;23.2;22.7;0;0;;17.4625;22.79375;;
02/05/2026 03:00;14.4;23.2;22.7;0;0;;17.50833333;22.81458333;;
02/05/2026 04:00;13.9;23.1;22.7;0;0;;17.55416667;22.83541667;;
02/05/2026 05:00;13.6;23.1;22.7;0;0;;17.60416667;22.85833333;;
02/05/2026 06:00;13.4;23.1;22.6;0;0;;17.6625;22.88333333;;
02/05/2026 07:00;13.5;23.1;22.6;0;0;;17.72916667;22.90833333;;
02/05/2026 08:00;14.3;23.1;22.7;159.2;0;;17.78333333;22.93541667;;
02/05/2026 09:00;16.2;23.2;22.7;284.4;0;;17.85416667;22.96458333;;
02/05/2026 10:00;17.8;23.3;22.8;397.3;0;;17.93333333;22.99166667;;
02/05/2026 11:00;19.4;23.5;22.9;396.5;0;;17.9875;23.01875;;
02/05/2026 12:00;20.9;23.7;23.1;714.4;0;;18.0125;23.04791667;;
02/05/2026 13:00;22.8;23.8;23.2;761.3;0;;18.0375;23.07291667;;
02/05/2026 14:00;23.6;23.9;23.3;774;0;;18.05833333;23.1;;
02/05/2026 15:00;24.3;23.8;23.3;792.2;0;;18.15;23.12083333;;
02/05/2026 16:00;24.3;23.8;23.4;608.2;0;;18.22083333;23.13958333;;
02/05/2026 17:00;24.1;23.9;23.4;300.9;0;;18.26666667;23.15833333;;
02/05/2026 18:00;22.5;23.9;23.4;166.8;0;;18.25;23.17708333;;
02/05/2026 19:00;21.3;23.9;23.4;89;0.1;;18.23333333;23.19583333;;
02/05/2026 20:00;20.2;23.8;23.4;0;0.1;;18.275;23.2125;;
02/05/2026 21:00;17.8;23.7;23.3;0;0.1;;18.26666667;23.225;;
02/05/2026 22:00;17.3;23.7;23.3;0;0;;18.2625;23.24166667;;
02/05/2026 23:00;16.9;23.7;23.3;0;0;;18.275;23.25833333;;
03/05/2026 00:00;17.1;23.7;23.2;0;0;;18.325;23.27708333;;
03/05/2026 01:00;16.8;23.6;23.2;0;0;;18.38333333;23.29375;;
03/05/2026 02:00;16.1;23.6;23.1;0;0;;18.4375;23.31041667;;
03/05/2026 03:00;15.1;23.6;23.1;0;0;;18.46666667;23.32708333;;
03/05/2026 04:00;14.6;23.5;23.1;0;0;;18.49583333;23.34375;;
03/05/2026 05:00;14.3;23.5;23;0;0.1;;18.525;23.35833333;;
03/05/2026 06:00;13.6;23.5;23;0;1.3;;18.53333333;23.375;;
03/05/2026 07:00;13.6;23.4;22.9;0;1;;18.5375;23.3875;;
03/05/2026 08:00;13.5;23.3;22.9;0;1.6;;18.50416667;23.39583333;;
03/05/2026 09:00;14;23.2;23;0;0.1;;18.4125;23.40208333;;
03/05/2026 10:00;14.6;23.2;23;16.8;0.4;;18.27916667;23.40416667;;
03/05/2026 11:00;15.3;23.3;23;20.6;0.7;;18.10833333;23.40208333;;
03/05/2026 12:00;15.9;23.3;23;349.6;0.4;;17.9;23.39166667;;
03/05/2026 13:00;17.5;23.4;23.2;69.3;0.3;;17.67916667;23.38333333;;
03/05/2026 14:00;16.2;23.5;23.2;412.8;0.3;;17.37083333;23.37291667;;
03/05/2026 15:00;17.2;23.5;23.2;53;0.3;;17.075;23.36458333;;
03/05/2026 16:00;16.6;23.6;23.3;318.4;0.3;;16.75416667;23.35833333;;
03/05/2026 17:00;18.1;23.6;23.3;70;0.2;;16.50416667;23.35;;
03/05/2026 18:00;17.4;23.7;23.3;4.6;0.4;;16.29166667;23.34375;;
03/05/2026 19:00;16.9;23.8;23.4;0;0.3;;16.10833333;23.34166667;;
03/05/2026 20:00;16.4;23.7;23.3;0;0.1;;15.95;23.3375;;
03/05/2026 21:00;15.5;23.6;23.3;0;0.1;;15.85416667;23.33541667;;
03/05/2026 22:00;14.4;23.5;23.3;0;0;;15.73333333;23.33125;;
03/05/2026 23:00;13.9;23.5;23.2;0;0;;15.60833333;23.325;;
04/05/2026 00:00;13.7;23.4;23.2;0;0;;15.46666667;23.31875;;
04/05/2026 01:00;13.3;23.4;23.1;0;0;;15.32083333;23.3125;;
04/05/2026 02:00;13.2;23.4;23.1;0;0;;15.2;23.30833333;;
04/05/2026 03:00;13.1;23.4;23;0;0;;15.11666667;23.30208333;;
04/05/2026 04:00;12.9;23.4;23;0;0;;15.04583333;23.29791667;;
04/05/2026 05:00;12.7;23.3;23;0;0;;14.97916667;23.29375;;
04/05/2026 06:00;12.7;23.3;22.9;0;0;;14.94166667;23.2875;;
04/05/2026 07:00;12.6;23.2;22.9;0;0;;14.9;23.28333333;;
04/05/2026 08:00;13.3;23.2;22.9;0;0;;14.89166667;23.28125;;
04/05/2026 09:00;14.1;23.2;22.9;25.2;0;;14.89583333;23.27916667;;
04/05/2026 10:00;14.9;23.1;22.9;238.1;0;;14.90833333;23.275;;
04/05/2026 11:00;16.6;23.1;22.9;373.8;0;;14.9625;23.26875;;
04/05/2026 12:00;18.1;23.1;22.9;176.2;0;;15.05416667;23.2625;;
04/05/2026 13:00;18.2;23.1;22.9;133.4;0.1;;15.08333333;23.25;;
04/05/2026 14:00;17.6;23.3;23;41.5;0.5;;15.14166667;23.24166667;;
04/05/2026 15:00;17.8;23.3;23;278.5;0.8;;15.16666667;23.23333333;;
04/05/2026 16:00;17.6;23.3;23;141.9;0.8;;15.20833333;23.22083333;;
04/05/2026 17:00;17;23.2;23;0;0.9;;15.1625;23.20625;;
04/05/2026 18:00;15.4;23.2;23;0;0.8;;15.07916667;23.18958333;;
04/05/2026 19:00;14.2;23.3;23;0;0.4;;14.96666667;23.17083333;;
04/05/2026 20:00;13.8;23.2;23;0;0.1;;14.85833333;23.15416667;;
04/05/2026 21:00;13.5;23.2;22.9;0;0.1;;14.775;23.1375;;
04/05/2026 22:00;13.6;23.2;22.9;0;0.1;;14.74166667;23.12291667;;
04/05/2026 23:00;13.4;23.2;22.9;0;0.1;;14.72083333;23.11041667;;
05/05/2026 00:00;13.3;23.1;22.8;0;0.1;;14.70416667;23.09583333;;
05/05/2026 01:00;13.2;23.1;22.8;0;0;;14.7;23.08333333;;
05/05/2026 02:00;13.1;23;22.7;0;0;;14.69583333;23.06666667;;
05/05/2026 03:00;13.2;23;22.7;0;0;;14.7;23.05208333;;
05/05/2026 04:00;13.1;22.9;22.7;0;0.2;;14.70833333;23.03541667;;
05/05/2026 05:00;13.1;22.8;22.6;0;0;;14.725;23.01666667;;
05/05/2026 06:00;12.5;22.8;22.6;0;0.4;;14.71666667;23;;
05/05/2026 07:00;12.4;22.8;22.6;0;0.1;;14.70833333;22.98541667;;
05/05/2026 08:00;12.6;22.7;22.5;0;0;;14.67916667;22.96666667;;
05/05/2026 09:00;13;22.6;22.5;33.1;0;;14.63333333;22.94583333;;
05/05/2026 10:00;13.8;22.5;22.4;17.5;0;;14.5875;22.92291667;;
05/05/2026 11:00;14.4;22.5;22.4;6;0;;14.49583333;22.9;;
05/05/2026 12:00;14.9;22.6;22.4;9.8;0;;14.3625;22.87916667;;
05/05/2026 13:00;15.5;22.6;22.4;2.4;0.1;;14.25;22.85833333;;
05/05/2026 14:00;16;22.7;22.4;1.7;0.3;;14.18333333;22.83333333;;
05/05/2026 15:00;15.4;22.7;22.3;0;0.8;;14.08333333;22.80625;;
05/05/2026 16:00;14.1;22.7;22.4;0;2.4;;13.9375;22.78125;;
05/05/2026 17:00;13.2;22.7;22.4;0;3.2;;13.77916667;22.75833333;;
05/05/2026 18:00;13.2;22.7;22.5;0;2;;13.6875;22.7375;;
05/05/2026 19:00;13;22.7;22.5;0;1.6;;13.6375;22.71458333;;
05/05/2026 20:00;12.6;22.7;22.5;0;2.1;;13.5875;22.69375;;
05/05/2026 21:00;12.2;22.7;22.5;0;1.4;;13.53333333;22.675;;
05/05/2026 22:00;12;22.7;22.5;0;1.3;;13.46666667;22.65625;;
05/05/2026 23:00;11.6;22.6;22.4;0;0.9;;13.39166667;22.63333333;;
06/05/2026 00:00;11.1;22.5;22.4;0;1;;13.3;22.6125;;
06/05/2026 01:00;10.9;22.5;22.3;0;1.9;;13.20416667;22.58958333;;
06/05/2026 02:00;10.8;22.4;22.2;0;2;;13.10833333;22.56666667;;
06/05/2026 03:00;10.5;22.4;22.2;0;0.5;;12.99583333;22.54375;;
06/05/2026 04:00;10.1;22.3;22.1;0;0.4;;12.87083333;22.51875;;
06/05/2026 05:00;9.8;22.2;22.1;0;0.8;;12.73333333;22.49583333;;
06/05/2026 06:00;9.4;22.2;22.1;0;0.6;;12.60416667;22.47291667;;
06/05/2026 07:00;8.9;22.1;22.1;0;0.3;;12.45833333;22.44791667;;
06/05/2026 08:00;8.8;22.1;22.1;0;0;;12.3;22.42708333;;
06/05/2026 09:00;8.9;22.1;22.1;54.4;0;;12.12916667;22.40833333;;
06/05/2026 10:00;10.1;22;22;372.5;0;;11.975;22.38958333;;
06/05/2026 11:00;11.7;22.1;22.1;456.2;0;;11.8625;22.375;;
06/05/2026 12:00;13;22.2;22.2;612.4;0;;11.78333333;22.3625;;
06/05/2026 13:00;14;22.3;22.3;479.4;0;;11.72083333;22.35416667;;
06/05/2026 14:00;14.8;22.3;22.3;34.9;0;;11.67083333;22.34375;;
06/05/2026 15:00;13.7;22.3;22.4;0;0;;11.6;22.3375;;
06/05/2026 16:00;12.8;22.3;22.3;0;0;;11.54583333;22.32708333;;
06/05/2026 17:00;13;22.3;22.3;124.4;0;;11.5375;22.31666667;;
06/05/2026 18:00;14.3;22.3;22.2;414.1;0;;11.58333333;22.30208333;;
06/05/2026 19:00;14.3;22.2;22.2;311.2;0;;11.6375;22.28541667;;
06/05/2026 20:00;13.7;22.2;22.2;0;0;;11.68333333;22.26875;;
06/05/2026 21:00;11.7;22.2;22.2;0;0.1;;11.6625;22.25208333;;
06/05/2026 22:00;11.5;22.2;22.2;0;0;;11.64166667;22.23541667;;
06/05/2026 23:00;11.1;22.1;22.2;0;0;;11.62083333;22.22083333;;
07/05/2026 00:00;10.6;22;22.1;0;0;;11.6;22.20416667;;
07/05/2026 01:00;9.9;22;22;0;0;;11.55833333;22.1875;;
07/05/2026 02:00;9.6;21.9;22;0;0;;11.50833333;22.17291667;;
07/05/2026 03:00;10.2;21.9;22;0;0;;11.49583333;22.15833333;;
07/05/2026 04:00;10.2;21.8;21.9;0;0;;11.5;22.14375;;
07/05/2026 05:00;10.1;21.8;21.8;0;0;;11.5125;22.12916667;;
07/05/2026 06:00;10.1;21.7;21.8;0;0;;11.54166667;22.1125;;
07/05/2026 07:00;10;21.7;21.8;0;0;;11.5875;22.09791667;;
07/05/2026 08:00;10.3;21.7;21.8;1.7;0;;11.65;22.08333333;;
07/05/2026 09:00;11.2;21.6;21.8;211.4;0;;11.74583333;22.06666667;;
07/05/2026 10:00;12.4;21.7;21.8;416.6;0;;11.84166667;22.05625;;
07/05/2026 11:00;14;21.9;21.9;708.8;0;;11.9375;22.04791667;;
07/05/2026 12:00;15.5;22;21.9;844.7;0;;12.04166667;22.0375;;
07/05/2026 13:00;16.8;21.9;21.9;901.5;0;;12.15833333;22.02083333;;
07/05/2026 14:00;18.1;22;22;919.9;0;;12.29583333;22.00833333;;
07/05/2026 15:00;17.9;22;22;611.5;0;;12.47083333;21.99375;;
07/05/2026 16:00;18.3;22;22.1;695.3;0;;12.7;21.98333333;;
07/05/2026 17:00;18.1;22;22.1;556.8;0;;12.9125;21.97291667;;
07/05/2026 18:00;17.7;22;22.1;56.5;0;;13.05416667;21.96458333;;
07/05/2026 19:00;16.7;22;22.1;0;0;;13.15416667;21.95833333;;
07/05/2026 20:00;15.7;22.1;22.2;0;0;;13.2375;21.95625;;
07/05/2026 21:00;14.6;22;22.2;0;0;;13.35833333;21.95208333;;
07/05/2026 22:00;13.4;22;22.1;0;0;;13.4375;21.94583333;;
07/05/2026 23:00;12.6;21.9;22;0;0;;13.5;21.9375;;
08/05/2026 00:00;11.9;21.9;22;0;0;;13.55416667;21.93333333;;
08/05/2026 01:00;11.4;21.9;21.9;0;0;;13.61666667;21.92916667;;
08/05/2026 02:00;10.9;21.9;21.9;0;0;;13.67083333;21.92708333;;
08/05/2026 03:00;10.5;21.7;21.8;0;0;;13.68333333;21.91875;;
08/05/2026 04:00;10.1;21.7;21.7;0;0;;13.67916667;21.9125;;
08/05/2026 05:00;9.6;21.6;21.7;0;0;;13.65833333;21.90625;;
08/05/2026 06:00;9.3;21.6;21.7;0;0;;13.625;21.90208333;;
08/05/2026 07:00;9.3;21.6;21.8;0;0;;13.59583333;21.9;;
08/05/2026 08:00;10.4;21.7;21.8;455.7;0;;13.6;21.9;;
08/05/2026 09:00;12.4;21.8;21.8;704.8;0;;13.65;21.90416667;;
08/05/2026 10:00;14.1;21.9;21.9;837.9;0;;13.72083333;21.91041667;;
08/05/2026 11:00;15.7;22.1;21.9;897.1;0;;13.79166667;21.91458333;;
08/05/2026 12:00;17.1;22.2;22;908.3;0;;13.85833333;21.92083333;;
08/05/2026 13:00;18.3;22.2;22;908.3;0;;13.92083333;21.92916667;;
08/05/2026 14:00;19.1;22.2;22;905.6;0;;13.9625;21.93333333;;
08/05/2026 15:00;20;22.2;22;907.9;0;;14.05;21.9375;;
08/05/2026 16:00;20.4;22.2;22.1;890.4;0;;14.1375;21.94166667;;
08/05/2026 17:00;20.4;22.2;22.1;530.8;0;;14.23333333;21.94583333;;
08/05/2026 18:00;20.2;22.3;22.2;0;0;;14.3375;21.95416667;;
08/05/2026 19:00;19.1;22.3;22.2;0;0;;14.4375;21.9625;;
08/05/2026 20:00;18.1;22.3;22.3;0;0;;14.5375;21.96875;;
08/05/2026 21:00;17.3;22.2;22.2;0;0;;14.65;21.97291667;;
08/05/2026 22:00;15.7;22.2;22.2;0;0;;14.74583333;21.97916667;;
08/05/2026 23:00;14.9;22.1;22.1;0;0;;14.84166667;21.98541667;;
09/05/2026 00:00;14.1;22.1;22;0;0;;14.93333333;21.98958333;;
09/05/2026 01:00;13.4;22.1;22;0;0;;15.01666667;21.99583333;;
09/05/2026 02:00;12.8;22.1;21.9;0;0;;15.09583333;22;;
09/05/2026 03:00;12.5;22;21.9;0;0;;15.17916667;22.00833333;;
09/05/2026 04:00;12.2;22;21.8;0;0;;15.26666667;22.01666667;;
09/05/2026 05:00;11.7;21.9;21.8;0;0;;15.35416667;22.025;;
09/05/2026 06:00;11.3;21.9;21.7;0;0;;15.4375;22.03125;;
09/05/2026 07:00;11.3;21.8;21.8;105.3;0;;15.52083333;22.03541667;;
09/05/2026 08:00;12.4;21.9;21.9;413.6;0;;15.60416667;22.04166667;;
09/05/2026 09:00;14.2;22;21.9;434.9;0;;15.67916667;22.04791667;;
09/05/2026 10:00;15.8;22.2;22.1;482.5;0;;15.75;22.05833333;;
09/05/2026 11:00;17.6;22.4;22.1;626.1;0;;15.82916667;22.06875;;
09/05/2026 12:00;19.6;22.6;22.2;804.5;0;;15.93333333;22.08125;;
09/05/2026 13:00;21.2;22.5;22.3;869.1;0;;16.05416667;22.09375;;
09/05/2026 14:00;22.3;22.6;22.3;866.7;0;;16.1875;22.10833333;;
09/05/2026 15:00;22.8;22.6;22.4;857.4;0;;16.30416667;22.125;;
09/05/2026 16:00;23;22.6;22.5;333.5;0;;16.4125;22.14166667;;
09/05/2026 17:00;22.5;22.6;22.5;118.4;0;;16.5;22.15833333;;
09/05/2026 18:00;21.7;22.7;22.5;454.3;0.1;;16.5625;22.17291667;;
09/05/2026 19:00;21.7;22.7;22.6;557.8;0.2;;16.67083333;22.18958333;;
09/05/2026 20:00;20.4;22.7;22.6;264.3;0.5;;16.76666667;22.20416667;;
09/05/2026 21:00;17.7;22.7;22.5;0;0.8;;16.78333333;22.22083333;;
09/05/2026 22:00;16.9;22.6;22.5;0;0;;16.83333333;22.23541667;;
09/05/2026 23:00;16.4;22.6;22.4;0;0.1;;16.89583333;22.25208333;;
10/05/2026 00:00;15.6;22.6;22.4;0;0.1;;16.95833333;22.27083333;;
10/05/2026 01:00;14.9;22.5;22.4;0;0;;17.02083333;22.2875;;
10/05/2026 02:00;14.5;22.5;22.3;0;0;;17.09166667;22.30416667;;
10/05/2026 03:00;13.9;22.5;22.3;0;0;;17.15;22.32291667;;
10/05/2026 04:00;13.4;22.4;22.3;0;0.1;;17.2;22.34166667;;
10/05/2026 05:00;12.8;22.3;22.2;0;0.1;;17.24583333;22.35833333;;
10/05/2026 06:00;12.7;22.3;22.2;0;0.1;;17.30416667;22.37708333;;
10/05/2026 07:00;12.4;22.2;22.2;37.1;0;;17.35;22.39375;;
10/05/2026 08:00;12.9;22.2;22.2;44.9;0.2;;17.37083333;22.40625;;
10/05/2026 09:00;13.5;22.3;22.2;16.1;0.9;;17.34166667;22.41875;;
10/05/2026 10:00;13.8;22.4;22.3;5;0.6;;17.25833333;22.42708333;;
10/05/2026 11:00;14.4;22.5;22.3;2;0.1;;17.125;22.43333333;;
10/05/2026 12:00;15;22.5;22.4;1.1;0.2;;16.93333333;22.43541667;;
10/05/2026 13:00;15.8;22.5;22.5;2.2;0.1;;16.70833333;22.43958333;;
10/05/2026 14:00;16.3;22.5;22.5;22.9;0.3;;16.45833333;22.44166667;;
10/05/2026 15:00;15.4;22.5;22.5;0;1;;16.15;22.44166667;;
10/05/2026 16:00;14.5;22.5;22.4;3.2;1.1;;15.79583333;22.4375;;
10/05/2026 17:00;14;22.5;22.4;0;1.1;;15.44166667;22.43333333;;
10/05/2026 18:00;13.1;22.5;22.4;0;2.1;;15.08333333;22.42708333;;
10/05/2026 19:00;12.8;22.5;22.4;0;1.5;;14.7125;22.41875;;
10/05/2026 20:00;12.8;22.6;22.4;0;1.3;;14.39583333;22.4125;;
10/05/2026 21:00;12.9;22.6;22.4;0;0.1;;14.19583333;22.40833333;;
10/05/2026 22:00;12.8;22.6;22.4;0;0;;14.025;22.40625;;
10/05/2026 23:00;11.9;22.4;22.3;0;0;;13.8375;22.4;;
11/05/2026 00:00;11.8;22.4;22.2;0;0;;13.67916667;22.39166667;;
11/05/2026 01:00;11.6;22.4;22.2;0;0;;13.54166667;22.38541667;;
11/05/2026 02:00;11.1;22.3;22.2;0;0;;13.4;22.37916667;;
11/05/2026 03:00;11.6;22.3;22.1;0;0.1;;13.30416667;22.37083333;;
11/05/2026 04:00;11.1;22.2;22.1;0;1.3;;13.20833333;22.3625;;
11/05/2026 05:00;10.7;22.2;22.1;0;1.8;;13.12083333;22.35833333;;
11/05/2026 06:00;9.7;22.2;22.1;0;0.7;;12.99583333;22.35416667;;
11/05/2026 07:00;9.2;22.2;22.1;0;1.3;;12.8625;22.35208333;;
11/05/2026 08:00;8.9;22.1;22.1;0;1.7;;12.69583333;22.34791667;;
11/05/2026 09:00;8.9;22.1;22.1;0;0.5;;12.50416667;22.34166667;;
11/05/2026 10:00;8.4;22;22;0;0.7;;12.27916667;22.32708333;;
11/05/2026 11:00;8.3;22.1;22;0;1.1;;12.025;22.3125;;
11/05/2026 12:00;8.4;22.1;22.1;0;0.6;;11.75;22.29791667;;
11/05/2026 13:00;11.1;22.1;22.1;247.6;0.1;;11.55416667;22.28125;;
11/05/2026 14:00;13.1;22.2;22.2;639.7;0;;11.42083333;22.26875;;
11/05/2026 15:00;14.6;22.2;22.2;804.9;0;;11.3875;22.25625;;
11/05/2026 16:00;15.4;22.2;22.2;851.1;0;;11.425;22.24583333;;
11/05/2026 17:00;15.1;22.2;22.2;379.6;0;;11.47083333;22.23541667;;
11/05/2026 18:00;13.9;22.2;22.2;47;0;;11.50416667;22.225;;
11/05/2026 19:00;12.8;22.2;22.3;0;0.1;;11.50416667;22.21666667;;
11/05/2026 20:00;10.5;22.3;22.3;13.6;0.3;;11.40833333;22.20833333;;
11/05/2026 21:00;9.9;22.2;22.2;0;0.3;;11.28333333;22.19583333;;
11/05/2026 22:00;9;22.2;22.2;0;0.2;;11.125;22.18333333;;
11/05/2026 23:00;8.4;22.2;22.2;0;0.5;;10.97916667;22.17708333;;
12/05/2026 00:00;7.7;22.2;22.2;0;1.2;;10.80833333;22.17291667;;
12/05/2026 01:00;7.7;22.1;22.1;0;0;;10.64583333;22.16458333;;
12/05/2026 02:00;7.6;22;22;0;0;;10.5;22.15416667;;
12/05/2026 03:00;6.8;21.9;22;0;0;;10.3;22.14375;;
12/05/2026 04:00;6.5;21.9;21.9;0;0;;10.10833333;22.13333333;;
12/05/2026 05:00;6.3;21.8;21.8;0;0;;9.925;22.11875;;
12/05/2026 06:00;5.9;21.8;21.8;0;0;;9.766666667;22.10416667;;
12/05/2026 07:00;6.3;21.7;21.9;124.3;0;;9.645833333;22.08958333;;
12/05/2026 08:00;7.2;21.8;22;479.8;0;;9.575;22.08125;;
12/05/2026 09:00;8.5;21.8;21.9;716.4;0;;9.558333333;22.07083333;;
12/05/2026 10:00;10;21.8;21.8;857.1;0;;9.625;22.0625;;
12/05/2026 11:00;11.7;21.8;21.9;910.1;0;;9.766666667;22.05416667;;
12/05/2026 12:00;12.8;21.8;21.9;917.6;0;;9.95;22.04375;;
12/05/2026 13:00;13.9;21.8;21.9;911.2;0;;10.06666667;22.03333333;;
12/05/2026 14:00;14.8;21.9;21.9;872.4;0;;10.1375;22.02083333;;
12/05/2026 15:00;15.7;21.8;22;904.3;0;;10.18333333;22.00833333;;
12/05/2026 16:00;16.3;21.8;22;877.4;0;;10.22083333;21.99583333;;
12/05/2026 17:00;16.4;21.8;22;764.8;0;;10.275;21.98333333;;
12/05/2026 18:00;16.3;21.8;22;116.5;0;;10.375;21.97083333;;
12/05/2026 19:00;15.4;21.8;22.1;382.2;0;;10.48333333;21.95833333;;
12/05/2026 20:00;14.6;22.1;22.1;0;0;;10.65416667;21.95;;
12/05/2026 21:00;13.6;22;22;0;0;;10.80833333;21.94166667;;
12/05/2026 22:00;13.1;21.9;22;0;0;;10.97916667;21.93125;;
12/05/2026 23:00;12.1;21.9;21.9;0;0;;11.13333333;21.91875;;
13/05/2026 00:00;11;21.7;21.9;0;0;;11.27083333;21.90208333;;
13/05/2026 01:00;10.3;21.7;21.8;0;0;;11.37916667;21.8875;;
13/05/2026 02:00;10.2;21.6;21.8;0;0;;11.4875;21.875;;
13/05/2026 03:00;10.7;21.6;21.8;0;0;;11.65;21.86458333;;
13/05/2026 04:00;10.7;21.5;21.7;0;0;;11.825;21.85208333;;
13/05/2026 05:00;10.7;21.5;21.6;0;0;;12.00833333;21.84166667;;
13/05/2026 06:00;10.5;21.5;21.7;0;0;;12.2;21.83333333;;
13/05/2026 07:00;10.3;21.5;21.7;0;0;;12.36666667;21.825;;
13/05/2026 08:00;10.2;21.6;21.7;168.6;0;;12.49166667;21.81458333;;
13/05/2026 09:00;11;21.5;21.7;434.8;0;;12.59583333;21.80416667;;
13/05/2026 10:00;12.4;21.6;21.8;471.6;0;;12.69583333;21.8;;
13/05/2026 11:00;13.5;21.6;21.8;598.6;0;;12.77083333;21.79375;;
13/05/2026 12:00;14.5;21.6;21.7;127.8;0;;12.84166667;21.78541667;;
13/05/2026 13:00;13.3;21.6;21.7;406.3;0.2;;12.81666667;21.77708333;;
13/05/2026 14:00;14.2;21.6;21.8;66.2;0.3;;12.79166667;21.76875;;
13/05/2026 15:00;13.6;21.7;21.8;0;0.4;;12.70416667;21.7625;;
13/05/2026 16:00;10.5;21.7;21.8;0;0.8;;12.4625;21.75625;;
13/05/2026 17:00;11.3;21.8;21.9;159.8;0.6;;12.25;21.75416667;;
13/05/2026 18:00;11.6;21.8;21.9;499;0.7;;12.05416667;21.75208333;;
13/05/2026 19:00;11.3;21.8;21.9;637.7;0.5;;11.88333333;21.74791667;;
13/05/2026 20:00;10.2;21.8;21.9;358.4;0.2;;11.7;21.7375;;
13/05/2026 21:00;9.3;21.8;22;0;0;;11.52083333;21.73333333;;
13/05/2026 22:00;8.5;21.8;21.9;0;0;;11.32916667;21.72916667;;
13/05/2026 23:00;8;21.7;21.8;0;0;;11.15833333;21.72291667;;
14/05/2026 00:00;7.7;21.7;21.7;0;0;;11.02083333;21.71875;;
14/05/2026 01:00;7.2;21.6;21.7;0;0;;10.89166667;21.71458333;;
14/05/2026 02:00;6.8;21.6;21.6;0;0;;10.75;21.71041667;;
14/05/2026 03:00;6.4;21.5;21.6;0;0;;10.57083333;21.70416667;;
14/05/2026 04:00;6.3;21.4;21.5;0;0;;10.3875;21.69791667;;
14/05/2026 05:00;6.2;21.4;21.5;0;0.1;;10.2;21.69375;;
14/05/2026 06:00;6.2;21.4;21.5;0;0;;10.02083333;21.6875;;
14/05/2026 07:00;6.7;21.3;21.5;0;0;;9.870833333;21.67916667;;
14/05/2026 08:00;7.1;21.3;21.5;0;0.1;;9.741666667;21.66875;;
14/05/2026 09:00;6.7;21.3;21.5;0;0.7;;9.5625;21.66041667;;
14/05/2026 10:00;7.1;21.2;21.4;17.1;1;;9.341666667;21.64375;;
14/05/2026 11:00;8.4;21.2;21.4;300.9;0.5;;9.129166667;21.62708333;;
14/05/2026 12:00;10.6;21.3;21.5;520.1;0.6;;8.966666667;21.61666667;;
14/05/2026 13:00;11.3;21.4;21.6;211.4;0.6;;8.883333333;21.61041667;;
14/05/2026 14:00;11.5;21.5;21.6;29.9;0.5;;8.770833333;21.60416667;;
14/05/2026 15:00;10.6;21.6;21.6;216.3;0.5;;8.645833333;21.59791667;;
14/05/2026 16:00;11.9;21.5;21.6;221;0.5;;8.704166667;21.58958333;;
14/05/2026 17:00;11.1;21.6;21.6;585.9;0.5;;8.695833333;21.57916667;;
14/05/2026 18:00;11.9;21.6;21.7;763.2;0.2;;8.708333333;21.57083333;;
14/05/2026 19:00;11.7;21.8;21.8;663.1;0.1;;8.725;21.56875;;
14/05/2026 20:00;10.6;21.8;21.8;373.1;0.2;;8.741666667;21.56666667;;
14/05/2026 21:00;9.3;21.7;21.7;0;0;;8.741666667;21.55833333;;
14/05/2026 22:00;8.3;21.6;21.7;0;0;;8.733333333;21.55;;
14/05/2026 23:00;7.8;21.6;21.6;0;0;;8.725;21.54375;;
15/05/2026 00:00;7.2;21.5;21.6;0;0;;8.704166667;21.5375;;
15/05/2026 01:00;6.6;21.5;21.6;0;0;;8.679166667;21.53333333;;
15/05/2026 02:00;6.8;21.4;21.5;0;0;;8.679166667;21.52708333;;
15/05/2026 03:00;7.5;21.4;21.5;0;0;;8.725;21.52291667;;
15/05/2026 04:00;7.1;21.3;21.4;0;0;;8.758333333;21.51875;;
15/05/2026 05:00;5.8;21.3;21.4;0;0;;8.741666667;21.51458333;;
15/05/2026 06:00;5.4;21.2;21.4;0;0;;8.708333333;21.50833333;;
15/05/2026 07:00;5.5;21.2;21.3;147;0;;8.658333333;21.50208333;;
15/05/2026 08:00;6.8;21.2;21.3;495.3;0;;8.645833333;21.49583333;;
15/05/2026 09:00;8.2;21.3;21.2;582.6;0;;8.708333333;21.48958333;;
15/05/2026 10:00;9.6;21.2;21.3;562.1;0;;8.8125;21.4875;;
15/05/2026 11:00;11;21.2;21.4;761.5;0;;8.920833333;21.4875;;
15/05/2026 12:00;12.6;21.3;21.5;912;0;;9.004166667;21.4875;;
15/05/2026 13:00;13.6;21.4;21.5;558.3;0.1;;9.1;21.48541667;;
15/05/2026 14:00;13.5;21.4;21.6;249.6;0.2;;9.183333333;21.48333333;;
15/05/2026 15:00;13.2;21.4;21.6;134.1;0.4;;9.291666667;21.47916667;;
15/05/2026 16:00;11.9;21.5;21.7;171.5;0.6;;9.291666667;21.48125;;
15/05/2026 17:00;11.5;21.5;21.7;89.6;0.6;;9.308333333;21.48125;;
15/05/2026 18:00;10.9;21.5;21.7;58.9;0.6;;9.266666667;21.47916667;;
15/05/2026 19:00;10.6;21.6;21.8;70.8;0.3;;9.220833333;21.475;;
15/05/2026 20:00;10.3;21.7;21.8;46.1;0.1;;9.208333333;21.47291667;;
15/05/2026 21:00;9.5;21.6;21.7;0;0.1;;9.216666667;21.47083333;;
15/05/2026 22:00;8.9;21.6;21.7;0;0;;9.241666667;21.47083333;;
15/05/2026 23:00;8.7;21.5;21.6;0;0;;9.279166667;21.46875;;
16/05/2026 00:00;8.3;21.5;21.6;0;0.1;;9.325;21.46875;;
16/05/2026 01:00;7.8;21.4;21.6;0;0.1;;9.375;21.46666667;;
16/05/2026 02:00;7;21.4;21.5;0;0.1;;9.383333333;21.46666667;;
16/05/2026 03:00;6.5;21.3;21.4;0;0;;9.341666667;21.4625;;
16/05/2026 04:00;5.9;21.2;21.3;0;0;;9.291666667;21.45833333;;
16/05/2026 05:00;5.4;21.2;21.3;0;0;;9.275;21.45416667;;
16/05/2026 06:00;4.9;21.2;21.3;0;0;;9.254166667;21.45208333;;
16/05/2026 07:00;4.8;21.1;21.3;157.1;0;;9.225;21.45;;
16/05/2026 08:00;6.1;21.2;21.3;499.9;0;;9.195833333;21.45;;
16/05/2026 09:00;8.1;21.1;21.3;725.8;0;;9.191666667;21.44791667;;
16/05/2026 10:00;10.4;21.1;21.3;856;0;;9.225;21.44583333;;
16/05/2026 11:00;12.1;21.2;21.4;664.9;0.1;;9.270833333;21.44583333;;
16/05/2026 12:00;12.6;21.3;21.5;190.4;0.4;;9.270833333;21.44583333;;
16/05/2026 13:00;12.6;21.4;21.5;273.3;0.3;;9.229166667;21.44583333;;
16/05/2026 14:00;13.4;21.3;21.4;631.5;0.3;;9.225;21.43958333;;
16/05/2026 15:00;15.1;21.4;21.5;185.1;0.1;;9.304166667;21.4375;;
16/05/2026 16:00;14.9;21.4;21.5;279.4;0.1;;9.429166667;21.43125;;
16/05/2026 17:00;15.6;21.4;21.6;400.3;0;;9.6;21.42708333;;
16/05/2026 18:00;14.9;21.4;21.5;77.5;0;;9.766666667;21.42083333;;
16/05/2026 19:00;13.7;21.4;21.4;38.8;0;;9.895833333;21.40833333;;
16/05/2026 20:00;13.2;21.4;21.4;75.5;0;;10.01666667;21.39375;;
16/05/2026 21:00;12.2;21.4;21.5;0;0.1;;10.12916667;21.38541667;;
16/05/2026 22:00;12;21.4;21.5;0;0;;10.25833333;21.37708333;;
16/05/2026 23:00;11.2;21.3;21.4;0;0;;10.3625;21.36875;;
17/05/2026 00:00;10.8;21.3;21.3;0;0;;10.46666667;21.35833333;;
17/05/2026 01:00;10.6;21.2;21.3;0;0;;10.58333333;21.34791667;;
17/05/2026 02:00;10.3;21.2;21.3;0;0.1;;10.72083333;21.33958333;;
17/05/2026 03:00;9.6;21.2;21.2;0;0.3;;10.85;21.33333333;;
17/05/2026 04:00;9.3;21.2;21.2;0;0.1;;10.99166667;21.33125;;
17/05/2026 05:00;9;21.1;21.2;0;0.3;;11.14166667;21.32708333;;
17/05/2026 06:00;8.8;21.1;21.2;0;0.5;;11.30416667;21.32291667;;
17/05/2026 07:00;8.9;21.1;21.2;0;0.3;;11.475;21.32083333;;
17/05/2026 08:00;8.9;21.1;21.2;0;0.3;;11.59166667;21.31666667;;
17/05/2026 09:00;9.2;21.1;21.2;0;0.2;;11.6375;21.31458333;;
17/05/2026 10:00;9.4;21.1;21.2;0;0.3;;11.59583333;21.3125;;
17/05/2026 11:00;9.7;21.1;21.3;0;0.3;;11.49583333;21.30833333;;
17/05/2026 12:00;10.2;21.2;21.3;0;0.1;;11.39583333;21.30208333;;
17/05/2026 13:00;10.9;21.3;21.4;4.3;0;;11.325;21.29791667;;
17/05/2026 14:00;11.8;21.4;21.5;154;0;;11.25833333;21.30208333;;
17/05/2026 15:00;15.3;21.3;21.5;24.9;0.3;;11.26666667;21.3;;
17/05/2026 16:00;14.1;21.4;21.5;6.6;0.6;;11.23333333;21.3;;
17/05/2026 17:00;13.2;21.4;21.6;0;1.5;;11.13333333;21.3;;
17/05/2026 18:00;11.7;21.4;21.7;0;4.9;;11;21.30416667;;
17/05/2026 19:00;12;21.5;21.8;0;0.9;;10.92916667;21.31458333;;
17/05/2026 20:00;11.8;21.4;21.7;0;0.5;;10.87083333;21.32083333;;
17/05/2026 21:00;11.7;21.4;21.8;0;0.4;;10.85;21.32708333;;
17/05/2026 22:00;10.9;21.4;21.8;0;0.4;;10.80416667;21.33333333;;
17/05/2026 23:00;10.8;21.4;21.7;0;0.1;;10.7875;21.34166667;;
18/05/2026 00:00;10.4;21.3;21.6;0;0;;10.77083333;21.34791667;;
18/05/2026 01:00;10.1;21.3;21.6;0;0;;10.75;21.35625;;
18/05/2026 02:00;9.5;21.3;21.6;0;0;;10.71666667;21.36458333;;
18/05/2026 03:00;8.9;21.2;21.5;0;0;;10.6875;21.37083333;;
18/05/2026 04:00;8.5;21.2;21.4;0;0;;10.65416667;21.375;;
18/05/2026 05:00;7.9;21.1;21.4;0;0;;10.60833333;21.37916667;;
18/05/2026 06:00;7.7;21.2;21.4;0;0;;10.5625;21.38541667;;
18/05/2026 07:00;7.8;21.2;21.5;135.7;0;;10.51666667;21.39375;;
18/05/2026 08:00;8.8;21.2;21.6;396.9;0;;10.5125;21.40416667;;
18/05/2026 09:00;10.5;21.2;21.5;0;0;;10.56666667;21.4125;;
18/05/2026 10:00;10.3;21.2;21.6;90.6;0.1;;10.60416667;21.42291667;;
18/05/2026 11:00;12.1;21.2;21.6;15.9;0.2;;10.70416667;21.43125;;
18/05/2026 12:00;11.4;21.3;21.6;65.9;0.2;;10.75416667;21.43958333;;
18/05/2026 13:00;13;21.3;21.6;181.1;0;;10.84166667;21.44375;;
18/05/2026 14:00;13.5;21.4;21.7;10.5;0.2;;10.9125;21.44791667;;
18/05/2026 15:00;12.4;21.4;21.8;40.4;0.2;;10.79166667;21.45625;;
18/05/2026 16:00;13.9;21.5;21.8;261.4;0.1;;10.78333333;21.46458333;;
18/05/2026 17:00;14.3;21.4;21.8;523.2;0.3;;10.82916667;21.46875;;
18/05/2026 18:00;14.1;21.4;21.9;194.5;0.4;;10.92916667;21.47291667;;
18/05/2026 19:00;13.1;21.5;21.9;33;0.4;;10.975;21.475;;
18/05/2026 20:00;12.3;21.5;21.9;140.3;0.2;;10.99583333;21.48125;;
18/05/2026 21:00;11.5;21.5;21.9;0;0;;10.9875;21.48541667;;
18/05/2026 22:00;10.5;21.4;21.9;0;0;;10.97083333;21.4875;;
18/05/2026 23:00;10;21.4;21.8;0;0;;10.9375;21.48958333;;
19/05/2026 00:00;9.6;21.4;21.8;0;0;;10.90416667;21.49583333;;
19/05/2026 01:00;9.3;21.3;21.8;0;0;;10.87083333;21.5;;
19/05/2026 02:00;8.9;21.3;21.8;0;0;;10.84583333;21.50416667;;
19/05/2026 03:00;8.6;21.2;21.7;0;0;;10.83333333;21.50833333;;
19/05/2026 04:00;8.5;21.2;21.6;0;0;;10.83333333;21.5125;;
19/05/2026 05:00;8.6;21.1;21.6;0;0;;10.8625;21.51666667;;
19/05/2026 06:00;8.5;21.1;21.6;0;0;;10.89583333;21.51875;;
19/05/2026 07:00;9;21.1;21.7;0;0;;10.94583333;21.52083333;;
19/05/2026 08:00;9.4;21.2;21.7;0;0;;10.97083333;21.52291667;;
19/05/2026 09:00;10.5;21.2;21.7;0;0;;10.97083333;21.52708333;;
19/05/2026 10:00;10.9;21.1;21.5;0;0;;10.99583333;21.52291667;;
19/05/2026 11:00;11.4;21;21.5;0;0.1;;10.96666667;21.51666667;;
19/05/2026 12:00;11.4;21.1;21.6;0;0.4;;10.96666667;21.5125;;
19/05/2026 13:00;11.2;21.2;21.6;0;0.4;;10.89166667;21.51041667;;
19/05/2026 14:00;12.5;21.2;21.7;0;0;;10.85;21.50625;;
19/05/2026 15:00;12.6;21.2;21.7;0;0.4;;10.85833333;21.5;;
19/05/2026 16:00;12.1;21.3;21.8;0;1.1;;10.78333333;21.49583333;;
19/05/2026 17:00;13.3;21.3;21.9;65;0.3;;10.74166667;21.49583333;;
19/05/2026 18:00;14.1;21.4;22;61.2;0;;10.74166667;21.49791667;;
19/05/2026 19:00;14.3;21.4;22;386.9;0;;10.79166667;21.49791667;;
19/05/2026 20:00;14.8;21.4;21.9;221.7;0;;10.89583333;21.49583333;;
19/05/2026 21:00;14.8;21.4;21.9;0;0;;11.03333333;21.49375;;
19/05/2026 22:00;13.9;21.4;21.8;0;0;;11.175;21.49166667;;
19/05/2026 23:00;13.4;21.3;21.8;0;0;;11.31666667;21.48958333;;
20/05/2026 00:00;12.8;21.3;21.7;0;0;;11.45;21.48541667;;
20/05/2026 01:00;12.3;21.3;21.7;0;0;;11.575;21.48333333;;
20/05/2026 02:00;12;21.2;21.6;0;0;;11.70416667;21.47708333;;
20/05/2026 03:00;11.7;21.2;21.6;0;0;;11.83333333;21.475;;
20/05/2026 04:00;11.4;21.1;21.5;0;0;;11.95416667;21.47083333;;
20/05/2026 05:00;12.1;21.1;21.6;0;0;;12.1;21.47083333;;
20/05/2026 06:00;12.4;21;21.5;0;0;;12.2625;21.46666667;;
20/05/2026 07:00;12.6;21.1;21.6;0;0;;12.4125;21.46458333;;
20/05/2026 08:00;13.1;21.1;21.6;142.1;0;;12.56666667;21.46041667;;
20/05/2026 09:00;14.4;21.1;21.5;638.5;0;;12.72916667;21.45416667;;
20/05/2026 10:00;15.4;21.1;21.6;21;0;;12.91666667;21.45625;;
20/05/2026 11:00;15.3;21.2;21.7;231.1;0;;13.07916667;21.46458333;;
20/05/2026 12:00;17.4;21.3;21.7;28.5;0.1;;13.32916667;21.47083333;;
20/05/2026 13:00;16.7;21.4;21.8;28.9;0.3;;13.55833333;21.47916667;;
20/05/2026 14:00;17.5;21.5;21.8;19;0.3;;13.76666667;21.4875;;
20/05/2026 15:00;18.7;21.5;21.9;20;0.1;;14.02083333;21.49791667;;
20/05/2026 16:00;18.6;21.6;21.9;79.2;0.1;;14.29166667;21.50625;;
20/05/2026 17:00;19;21.6;22;75.1;0.1;;14.52916667;21.51458333;;
20/05/2026 18:00;18.7;21.7;22.1;187.3;0.1;;14.72083333;21.52291667;;
20/05/2026 19:00;18.3;21.8;22.1;413.1;0;;14.8875;21.53333333;;
20/05/2026 20:00;17.8;21.9;22.2;355.9;0;;15.0125;21.55;;
20/05/2026 21:00;16.7;21.8;22.1;0;0;;15.09166667;21.5625;;
20/05/2026 22:00;15.1;21.7;22;0;0;;15.14166667;21.57291667;;
20/05/2026 23:00;14.4;21.6;21.9;0;0;;15.18333333;21.58125;;
21/05/2026 00:00;14;21.6;21.9;0;0;;15.23333333;21.59166667;;
21/05/2026 01:00;13.5;21.6;21.8;0;0;;15.28333333;21.6;;
21/05/2026 02:00;13.2;21.5;21.8;0;0;;15.33333333;21.61041667;;
21/05/2026 03:00;12.7;21.5;21.8;0;0;;15.375;21.62083333;;
21/05/2026 04:00;12.4;21.5;21.7;0;0;;15.41666667;21.63333333;;
21/05/2026 05:00;12.1;21.4;21.7;0;0;;15.41666667;21.64166667;;
21/05/2026 06:00;11.9;21.4;21.7;0;0;;15.39583333;21.65416667;;
21/05/2026 07:00;12.3;21.4;21.7;194.7;0;;15.38333333;21.6625;;
21/05/2026 08:00;13.9;21.4;21.7;523.9;0;;15.41666667;21.67083333;;
21/05/2026 09:00;15.5;21.5;21.7;491.9;0;;15.4625;21.68333333;;
21/05/2026 10:00;17.1;21.6;21.8;455.7;0;;15.53333333;21.69791667;;
21/05/2026 11:00;18.5;21.7;22;538.9;0;;15.66666667;21.71458333;;
21/05/2026 12:00;20;22;22;736.4;0;;15.775;21.73541667;;
21/05/2026 13:00;21.5;22;22.1;844.8;0;;15.975;21.75416667;;
21/05/2026 14:00;22.6;22.1;22.2;875;0;;16.1875;21.775;;
21/05/2026 15:00;23.2;22.1;22.2;866;0;;16.375;21.79375;;
21/05/2026 16:00;23.6;22.2;22.3;854.5;0;;16.58333333;21.81458333;;
21/05/2026 17:00;23.8;22.3;22.4;829.6;0;;16.78333333;21.8375;;
21/05/2026 18:00;23.5;22.4;22.5;777.4;0;;16.98333333;21.86041667;;
21/05/2026 19:00;22.9;22.6;22.6;645.7;0;;17.175;21.8875;;
21/05/2026 20:00;21.8;22.7;22.6;331.4;0;;17.34166667;21.9125;;
21/05/2026 21:00;20.1;22.6;22.5;0;0;;17.48333333;21.9375;;
21/05/2026 22:00;18.5;22.5;22.5;0;0;;17.625;21.96458333;;
21/05/2026 23:00;17.8;22.4;22.4;0;0;;17.76666667;21.99166667;;
22/05/2026 00:00;17.1;22.4;22.4;0;0;;17.89583333;22.01875;;
22/05/2026 01:00;16.4;22.3;22.4;0;0;;18.01666667;22.04583333;;
22/05/2026 02:00;15.8;22.3;22.3;0;0;;18.125;22.07291667;;
22/05/2026 03:00;15.3;22.3;22.3;0;0;;18.23333333;22.1;;
22/05/2026 04:00;14.8;22.3;22.3;0;0;;18.33333333;22.12916667;;
22/05/2026 05:00;14.5;22.3;22.2;0;0;;18.43333333;22.15833333;;
22/05/2026 06:00;14.2;22.2;22.2;0;0;;18.52916667;22.18541667;;
22/05/2026 07:00;14.7;22.3;22.4;200.6;0;;18.62916667;22.21875;;
22/05/2026 08:00;16.4;22.4;22.3;528;0;;18.73333333;22.25208333;;
22/05/2026 09:00;18.4;22.5;22.5;738.7;0;;18.85416667;22.28958333;;
22/05/2026 10:00;20.6;22.7;22.6;831.5;0;;19;22.32916667;;
22/05/2026 11:00;22.4;22.8;22.7;860.6;0;;19.1625;22.36666667;;
22/05/2026 12:00;24.1;23;22.8;863.5;0;;19.33333333;22.40416667;;
22/05/2026 13:00;25.4;23;22.9;864.9;0;;19.49583333;22.44166667;;
22/05/2026 14:00;26.4;23.1;23;862.1;0;;19.65416667;22.47916667;;
22/05/2026 15:00;27.3;23.2;23.1;850.1;0;;19.825;22.52083333;;
22/05/2026 16:00;27.6;23.2;23.2;764.3;0;;19.99166667;22.56041667;;
22/05/2026 17:00;27.6;23.3;23.4;699.8;0;;20.15;22.60208333;;
22/05/2026 18:00;27.4;23.5;23.5;608.4;0;;20.3125;22.64583333;;
22/05/2026 19:00;26.5;23.6;23.6;602.2;0;;20.4625;22.6875;;
22/05/2026 20:00;25.2;23.8;23.7;271.3;0;;20.60416667;22.73333333;;
22/05/2026 21:00;23.3;23.7;23.6;0;0;;20.7375;22.77916667;;
22/05/2026 22:00;21.6;23.6;23.6;0;0;;20.86666667;22.825;;
22/05/2026 23:00;20.7;23.5;23.5;0;0;;20.9875;22.87083333;;
23/05/2026 00:00;20;23.5;23.5;0;0;;21.10833333;22.91666667;;
23/05/2026 01:00;19.5;23.5;23.4;0;0;;21.2375;22.9625;;
23/05/2026 02:00;18.9;23.4;23.4;0;0;;21.36666667;23.00833333;;
23/05/2026 03:00;18.4;23.4;23.4;0;0;;21.49583333;23.05416667;;
23/05/2026 04:00;17.9;23.4;23.4;0;0;;21.625;23.1;;
23/05/2026 05:00;17.5;23.4;23.3;0;0;;21.75;23.14583333;;
23/05/2026 06:00;17;23.4;23.3;0;0;;21.86666667;23.19375;;
23/05/2026 07:00;17.3;23.4;23.3;206.3;0;;21.975;23.23541667;;
23/05/2026 08:00;18.8;23.5;23.3;439;0;;22.075;23.27916667;;
23/05/2026 09:00;20.9;23.7;23.5;473.5;0;;22.17916667;23.325;;
23/05/2026 10:00;22.6;23.9;23.6;699;0;;22.2625;23.37083333;;
23/05/2026 11:00;25.2;24;23.7;854.9;0;;22.37916667;23.41666667;;
23/05/2026 12:00;27;24.2;23.8;860.2;0;;22.5;23.4625;;
23/05/2026 13:00;28.5;24.3;23.9;865;0;;22.62916667;23.51041667;;
23/05/2026 14:00;29.4;24.3;24;862.7;0;;22.75416667;23.55625;;
23/05/2026 15:00;30.3;24.4;24.1;852.6;0;;22.87916667;23.60208333;;
23/05/2026 16:00;30.5;24.5;24.3;842.1;0;;23;23.65208333;;
23/05/2026 17:00;30.6;24.6;24.3;818.3;0;;23.125;23.69791667;;
23/05/2026 18:00;30.1;24.8;24.4;766;0;;23.2375;23.74375;;
23/05/2026 19:00;29.1;24.9;24.5;641;0;;23.34583333;23.78958333;;
23/05/2026 20:00;27.4;25;24.5;399;0;;23.4375;23.83125;;
23/05/2026 21:00;25.2;25;24.5;0;0;;23.51666667;23.87708333;;
23/05/2026 22:00;23.7;24.9;24.6;0;0;;23.60416667;23.925;;
23/05/2026 23:00;22.9;24.8;24.5;0;0;;23.69583333;23.97291667;;
24/05/2026 00:00;22;24.7;24.5;0;0;;23.77916667;24.01875;;
24/05/2026 01:00;21.2;24.7;24.5;0;0;;23.85;24.06666667;;
24/05/2026 02:00;20.5;24.7;24.4;0;0;;23.91666667;24.11458333;;
24/05/2026 03:00;20;24.7;24.4;0;0;;23.98333333;24.1625;;
24/05/2026 04:00;19.6;24.6;24.4;0;0;;24.05416667;24.20833333;;
24/05/2026 05:00;19;24.6;24.4;0;0;;24.11666667;24.25625;;
24/05/2026 06:00;18.5;24.6;24.3;0;0;;24.17916667;24.30208333;;
24/05/2026 07:00;18.8;24.5;24.3;211.6;0;;24.24166667;24.34583333;;
24/05/2026 08:00;20.4;24.7;24.4;535.7;0;;24.30833333;24.39375;;
24/05/2026 09:00;22.3;24.8;24.5;740.9;0;;24.36666667;24.4375;;
24/05/2026 10:00;24.4;25;24.7;822.4;0;;24.44166667;24.48333333;;
24/05/2026 11:00;26.6;25.2;24.8;839.8;0;;24.5;24.53125;;
24/05/2026 12:00;28.3;25.4;24.9;845.9;0;;24.55416667;24.57916667;;
24/05/2026 13:00;29.5;25.5;25;849.1;0;;24.59583333;24.62708333;;
24/05/2026 14:00;30.4;25.6;25.1;849.3;0;;24.6375;24.67708333;;
24/05/2026 15:00;31.6;25.7;25.2;845.5;0;;24.69166667;24.72708333;;
24/05/2026 16:00;31.7;25.8;25.3;835.1;0;;24.74166667;24.775;;
24/05/2026 17:00;31.5;25.9;25.4;813.1;0;;24.77916667;24.825;;
24/05/2026 18:00;30.9;26;25.6;764.5;0;;24.8125;24.875;;
24/05/2026 19:00;29.9;26.2;25.6;644.7;0;;24.84583333;24.925;;
24/05/2026 20:00;28.7;26.3;25.7;405.4;0;;24.9;24.97708333;;
24/05/2026 21:00;26.8;26.1;25.7;0;0;;24.96666667;25.025;;
24/05/2026 22:00;25;26.1;25.8;0;0;;25.02083333;25.075;;
24/05/2026 23:00;24.1;26;25.7;0;0;;25.07083333;25.125;;
25/05/2026 00:00;23.2;26;25.7;0;0;;25.12083333;25.17708333;;
25/05/2026 01:00;22.5;26;25.7;0;0;;25.175;25.22916667;;
25/05/2026 02:00;21.8;25.9;25.7;0;0;;25.22916667;25.28125;;
25/05/2026 03:00;21.3;25.9;25.6;0;0;;25.28333333;25.33125;;
25/05/2026 04:00;20.7;25.9;25.6;0;0;;25.32916667;25.38333333;;
25/05/2026 05:00;20.3;25.8;25.5;0;0;;25.38333333;25.43125;;
25/05/2026 06:00;19.9;25.8;25.5;0;0;;25.44166667;25.48125;;
25/05/2026 07:00;20.1;25.8;25.5;216.8;0;;25.49583333;25.53333333;;
25/05/2026 08:00;21.8;25.9;25.6;539.3;0;;25.55416667;25.58333333;;
25/05/2026 09:00;23.8;26;25.7;740.3;0;;25.61666667;25.63333333;;
25/05/2026 10:00;25.8;26.2;25.8;820.8;0;;25.675;25.68125;;
25/05/2026 11:00;27.7;26.3;25.9;843;0;;25.72083333;25.72708333;;
25/05/2026 12:00;29.2;26.5;26.1;849.4;0;;25.75833333;25.775;;
25/05/2026 13:00;30.5;26.6;26.2;850.1;0;;25.8;25.82291667;;
25/05/2026 14:00;31.4;26.7;26.3;848;0;;25.84166667;25.87083333;;
25/05/2026 15:00;31.9;26.8;26.4;835.2;0;;25.85416667;25.91875;;
25/05/2026 16:00;32;26.9;26.4;731.1;0;;25.86666667;25.96458333;;
25/05/2026 17:00;31.6;27;26.5;788.6;0;;25.87083333;26.01041667;;
25/05/2026 18:00;31.1;27.2;26.6;763.9;0;;25.87916667;26.05625;;
25/05/2026 19:00;30.1;27.3;26.8;647.8;0;;25.8875;26.10416667;;
25/05/2026 20:00;28.7;27.3;26.8;423.4;0;;25.8875;26.14791667;;
25/05/2026 21:00;26.9;27.2;26.8;0;0;;25.89166667;26.19375;;
25/05/2026 22:00;25.2;27.3;26.8;0;0;;25.9;26.23958333;;
25/05/2026 23:00;24;27.2;26.8;0;0;;25.89583333;26.2875;;
26/05/2026 00:00;22.9;27.1;26.7;0;0;;25.88333333;26.33125;;
26/05/2026 01:00;22.1;27;26.7;0;0;;25.86666667;26.37291667;;
26/05/2026 02:00;21.2;27;26.6;0;0;;25.84166667;26.41458333;;
26/05/2026 03:00;20.6;26.9;26.6;0;0;;25.8125;26.45625;;
26/05/2026 04:00;19.9;26.9;26.5;0;0;;25.77916667;26.49583333;;
26/05/2026 05:00;19.4;26.8;26.4;0;0;;25.74166667;26.53541667;;
26/05/2026 06:00;19;26.7;26.4;0;0;;25.70416667;26.57291667;;
26/05/2026 07:00;19.4;26.6;26.3;221.7;0;;25.675;26.60625;;
26/05/2026 08:00;21.1;26.7;26.4;542.7;0;;25.64583333;26.63958333;;
26/05/2026 09:00;23.3;26.8;26.5;748.9;0;;25.625;26.67291667;;
26/05/2026 10:00;25.4;26.9;26.6;845.8;0;;25.60833333;26.70416667;;
26/05/2026 11:00;27.5;27;26.8;883.8;0;;25.6;26.7375;;
26/05/2026 12:00;29.6;27.1;26.9;889.6;0;;25.61666667;26.76666667;;
26/05/2026 13:00;31.3;27.2;26.9;889.2;0;;25.65;26.79375;;
26/05/2026 14:00;32.4;27.2;27;890.9;0;;25.69166667;26.81875;;
26/05/2026 15:00;33.3;27.3;27.1;882.1;0;;25.75;26.84375;;
26/05/2026 16:00;33.2;27.3;27.2;871.1;0;;25.8;26.86875;;
26/05/2026 17:00;33.1;27.4;27.3;848.7;0;;25.8625;26.89375;;
26/05/2026 18:00;32.5;27.6;27.4;800.8;0;;25.92083333;26.91875;;
26/05/2026 19:00;31.5;27.7;27.4;687.6;0;;25.97916667;26.93958333;;
26/05/2026 20:00;29.9;27.8;27.5;451.4;0;;26.02916667;26.96458333;;
26/05/2026 21:00;27.5;27.7;27.5;0;0;;26.05416667;26.98958333;;
26/05/2026 22:00;25.6;27.6;27.5;0;0;;26.07083333;27.01041667;;
26/05/2026 23:00;24.4;27.6;27.4;0;0;;26.0875;27.03125;;
27/05/2026 00:00;23.6;27.5;27.4;0;0;;26.11666667;27.05416667;;
27/05/2026 01:00;22.8;27.5;27.3;0;0;;26.14583333;27.07708333;;
27/05/2026 02:00;22.1;27.4;27.3;0;0;;26.18333333;27.1;;
27/05/2026 03:00;21.7;27.3;27.2;0;0;;26.22916667;27.12083333;;
27/05/2026 04:00;21.1;27.3;27.1;0;0;;26.27916667;27.14166667;;
27/05/2026 05:00;20.4;27.3;27;0;0;;26.32083333;27.16458333;;
27/05/2026 06:00;19.9;27;26.9;0;0;;26.35833333;27.18125;;
27/05/2026 07:00;20.3;27;26.8;226.4;0;;26.39583333;27.2;;
27/05/2026 08:00;21.9;27;26.8;545.9;0;;26.42916667;27.21458333;;
27/05/2026 09:00;23.9;27.2;26.9;750.6;0;;26.45416667;27.23125;;
27/05/2026 10:00;25.9;27.3;27.1;844.9;0;;26.475;27.25;;
27/05/2026 11:00;27.6;27.4;27.2;876.4;0;;26.47916667;27.26666667;;
27/05/2026 12:00;29;27.6;27.4;880;0;;26.45416667;27.2875;;
27/05/2026 13:00;30.3;27.7;27.4;882.1;0;;26.4125;27.30833333;;
27/05/2026 14:00;31.3;27.8;27.5;876.9;0;;26.36666667;27.33125;;
27/05/2026 15:00;32;27.8;27.6;863.5;0;;26.3125;27.35208333;;
27/05/2026 16:00;32.1;27.8;27.7;848.3;0;;26.26666667;27.37291667;;
27/05/2026 17:00;31.7;27.9;27.8;823.9;0;;26.20833333;27.39375;;
27/05/2026 18:00;31.1;28.1;27.8;776.4;0;;26.15;27.4125;;
27/05/2026 19:00;30.1;28.2;27.9;661.4;0;;26.09166667;27.43333333;;
27/05/2026 20:00;28.9;28.2;28;434.5;0;;26.05;27.45208333;;
27/05/2026 21:00;27.4;28.1;28;0;0;;26.04583333;27.47083333;;
27/05/2026 22:00;25.6;28.1;28;0;0;;26.04583333;27.49166667;;
27/05/2026 23:00;24.5;28.1;28;0;0;;26.05;27.51458333;;
28/05/2026 00:00;23.5;28;27.9;0;0;;26.04583333;27.53541667;;
28/05/2026 01:00;22.6;28;27.9;0;0;;26.0375;27.55833333;;
28/05/2026 02:00;21.9;27.9;27.9;0;0;;26.02916667;27.58125;;
28/05/2026 03:00;21.4;27.8;27.8;0;0;;26.01666667;27.60416667;;
28/05/2026 04:00;20.7;27.8;27.7;0;0;;26;27.62708333;;
28/05/2026 05:00;20.1;27.7;27.6;0;0;;25.9875;27.64791667;;
28/05/2026 06:00;19.6;27.6;27.5;0;0;;25.975;27.67291667;;
28/05/2026 07:00;19.9;27.5;27.4;230.9;0;;25.95833333;27.69583333;;
28/05/2026 08:00;21.2;27.6;27.4;458.1;0;;25.92916667;27.72083333;;
28/05/2026 09:00;23.6;27.7;27.5;722.7;0;;25.91666667;27.74375;;
28/05/2026 10:00;25.7;27.9;27.6;808.2;0;;25.90833333;27.76666667;;
28/05/2026 11:00;27.6;28;27.8;826.2;0;;25.90833333;27.79166667;;
28/05/2026 12:00;29.2;28.1;27.9;712;0;;25.91666667;27.8125;;
28/05/2026 13:00;30.4;28.3;28;796;0;;25.92083333;27.8375;;
28/05/2026 14:00;31.3;28.4;28;821.9;0;;25.92083333;27.86041667;;
28/05/2026 15:00;32.5;28.4;28.1;814;0;;25.94166667;27.88333333;;
28/05/2026 16:00;32.8;28.4;28.2;778.9;0;;25.97083333;27.90625;;
28/05/2026 17:00;32.6;28.5;28.3;208.2;0;;26.00833333;27.92916667;;
28/05/2026 18:00;31.4;28.6;28.4;0;0;;26.02083333;27.95208333;;
28/05/2026 19:00;24.8;28.7;28.5;0;2.9;;25.8;27.975;;
28/05/2026 20:00;21.5;28.8;28.5;0;2.3;;25.49166667;27.99791667;;
28/05/2026 21:00;21.4;28.8;28.5;0;1.2;;25.24166667;28.02291667;;
28/05/2026 22:00;20.9;28.7;28.6;0;0;;25.04583333;28.04791667;;
28/05/2026 23:00;21.1;28.7;28.5;0;0;;24.90416667;28.07083333;;
29/05/2026 00:00;20.7;28.6;28.4;0;0.1;;24.7875;28.09375;;
29/05/2026 01:00;20.3;28.6;28.4;0;0;;24.69166667;28.11666667;;
29/05/2026 02:00;20.1;28.6;28.3;0;0;;24.61666667;28.13958333;;
29/05/2026 03:00;20.2;28.5;28.2;0;0;;24.56666667;28.1625;;
29/05/2026 04:00;19.9;28.3;28.1;0;0;;24.53333333;28.18125;;
29/05/2026 05:00;19.6;28.2;28;0;0;;24.5125;28.2;;
29/05/2026 06:00;19.3;28.1;27.9;0;0;;24.5;28.21875;;
29/05/2026 07:00;19.7;28.1;27.8;235.2;0;;24.49166667;28.23958333;;
29/05/2026 08:00;21.4;28.1;27.8;551.7;0;;24.5;28.25833333;;
29/05/2026 09:00;23.6;28.3;27.9;690.1;0;;24.5;28.27916667;;
29/05/2026 10:00;25.5;28.4;28.1;655.8;0;;24.49166667;28.3;;
29/05/2026 11:00;27.3;28.5;28.3;657.4;0;;24.47916667;28.32083333;;
29/05/2026 12:00;28.8;28.6;28.4;554.5;0;;24.4625;28.34166667;;
29/05/2026 13:00;29.8;28.8;28.5;568.8;0;;24.4375;28.3625;;
29/05/2026 14:00;30.8;28.8;28.6;430.6;0;;24.41666667;28.38333333;;
29/05/2026 15:00;31.1;28.9;28.7;510.7;0;;24.35833333;28.40625;;
29/05/2026 16:00;31.3;29;28.8;454.4;0;;24.29583333;28.43125;;
29/05/2026 17:00;31.4;29;28.9;407.2;0;;24.24583333;28.45416667;;
29/05/2026 18:00;31.1;29.1;29;201.5;0;;24.23333333;28.47708333;;
29/05/2026 19:00;30.5;29.2;29;94.7;0;;24.47083333;28.49791667;;
29/05/2026 20:00;29.1;29.2;29;42.2;0;;24.7875;28.51666667;;
29/05/2026 21:00;27.5;29.1;29;0;0;;25.04166667;28.53333333;;
29/05/2026 22:00;26.3;29.1;29;0;0;;25.26666667;28.55;;
29/05/2026 23:00;25.3;29;28.9;0;0;;25.44166667;28.56458333;;
30/05/2026 00:00;24.5;29;28.9;0;0;;25.6;28.58333333;;
30/05/2026 01:00;24;29;28.8;0;0;;25.75416667;28.6;;
30/05/2026 02:00;23.4;28.9;28.8;0;0;;25.89166667;28.61666667;;
30/05/2026 03:00;22.8;28.8;28.7;0;0;;26;28.63333333;;
30/05/2026 04:00;22.1;28.9;28.6;0;0;;26.09166667;28.65625;;
30/05/2026 05:00;21.8;28.7;28.5;0;0;;26.18333333;28.67708333;;
30/05/2026 06:00;21.3;28.5;28.4;0;0;;26.26666667;28.69583333;;
30/05/2026 07:00;21.7;28.5;28.2;214.8;0;;26.35;28.7125;;
30/05/2026 08:00;22.7;28.6;28.3;334.6;0;;26.40416667;28.73333333;;
30/05/2026 09:00;24.6;28.6;28.5;563.7;0;;26.44583333;28.75208333;;
30/05/2026 10:00;26.2;28.7;28.6;645.8;0;;26.475;28.76875;;
30/05/2026 11:00;28.1;28.8;28.7;752.5;0;;26.50833333;28.78333333;;
30/05/2026 12:00;29.6;28.9;28.8;777.4;0;;26.54166667;28.79791667;;
30/05/2026 13:00;30.8;29;28.9;798.2;0;;26.58333333;28.81041667;;
30/05/2026 14:00;31.6;29.1;29;773.1;0;;26.61666667;28.825;;
30/05/2026 15:00;32.2;29.2;29.1;806.9;0;;26.6625;28.83958333;;
30/05/2026 16:00;32.5;29.2;29.3;828.2;0;;26.7125;28.85416667;;
30/05/2026 17:00;32.5;29.4;29.3;724.6;0;;26.75833333;28.87083333;;
30/05/2026 18:00;31.8;29.5;29.4;640.6;0;;26.7875;28.8875;;
30/05/2026 19:00;30.8;29.6;29.4;249.8;0;;26.8;28.90416667;;
30/05/2026 20:00;29.6;29.6;29.4;80;0;;26.82083333;28.92083333;;
30/05/2026 21:00;28;29.5;29.4;0;0;;26.84166667;28.9375;;
30/05/2026 22:00;26.8;29.4;29.3;0;0;;26.8625;28.95;;
30/05/2026 23:00;24;29.4;29.1;0;0;;26.80833333;28.9625;;
31/05/2026 00:00;21.9;29.3;29;0;0.1;;26.7;28.97083333;;
31/05/2026 01:00;19.8;29;28.6;0;0.5;;26.525;28.96666667;;
31/05/2026 02:00;17.7;28.7;28.3;0;1.2;;26.2875;28.95208333;;
31/05/2026 03:00;17.2;28.5;28;0;1.3;;26.05416667;28.93125;;
31/05/2026 04:00;16.6;28.1;27.7;0;0.5;;25.825;28.89583333;;
31/05/2026 05:00;15.8;28;27.4;0;0.1;;25.575;28.85833333;;
31/05/2026 06:00;14.9;27.7;27.2;0;0;;25.30833333;28.81666667;;
31/05/2026 07:00;15;27.5;27;88.2;0;;25.02916667;28.77083333;;
31/05/2026 08:00;15.9;27.6;26.5;60.7;0;;24.74583333;28.7125;;
31/05/2026 09:00;17.1;27.6;26.5;158.9;0;;24.43333333;28.65;;
31/05/2026 10:00;18.5;27.4;26.6;83.7;0;;24.1125;28.58125;;
31/05/2026 11:00;19.1;27.3;26.6;437.1;0;;23.7375;28.50625;;
31/05/2026 12:00;21;27.3;26.7;43.2;0;;23.37916667;28.42916667;;
31/05/2026 13:00;20;27.4;26.8;20.3;0;;22.92916667;28.35208333;;
31/05/2026 14:00;20.4;27.5;26.9;7.3;0;;22.4625;28.275;;
31/05/2026 15:00;20.3;27.4;26.8;51.2;0;;21.96666667;28.18958333;;
31/05/2026 16:00;20.9;27.3;26.6;107;0;;21.48333333;28.09375;;
31/05/2026 17:00;21.6;27.2;26.5;32.6;0;;21.02916667;27.98958333;;
31/05/2026 18:00;20.3;27.3;26.5;217.4;0.3;;20.55;27.88333333;;
31/05/2026 19:00;19.8;27.3;26.6;299.9;0.5;;20.09166667;27.77708333;;
31/05/2026 20:00;19.4;27.3;26.6;301.7;0.2;;19.66666667;27.67083333;;
31/05/2026 21:00;19.9;27.2;26.5;0;0;;19.32916667;27.5625;;
31/05/2026 22:00;18.2;27.1;26.5;0;0;;18.97083333;27.45625;;
31/05/2026 23:00;17.3;27.1;26.5;0;0;;18.69166667;27.35416667;;
01/06/2026 00:00;16.6;27;26.3;0;0;;18.47083333;27.25;;
01/06/2026 01:00;15.8;26.9;26.3;0;0;;18.30416667;27.15833333;;
01/06/2026 02:00;15.2;26.8;26.2;0;0;;18.2;27.075;;
01/06/2026 03:00;14.8;26.8;26.1;0;0;;18.1;27;;
01/06/2026 04:00;14.4;26.6;26;0;0;;18.00833333;26.93333333;;
01/06/2026 05:00;14.1;26.6;25.9;0;0;;17.9375;26.87291667;;
01/06/2026 06:00;13.8;26.5;25.8;0;0;;17.89166667;26.81875;;
01/06/2026 07:00;14.2;26.2;25.6;141.3;0;;17.85833333;26.7625;;
01/06/2026 08:00;15.4;26.2;25.4;408.4;0;;17.8375;26.71041667;;
01/06/2026 09:00;17.1;26.3;25.5;591.9;0;;17.8375;26.6625;;
01/06/2026 10:00;18.7;26.3;25.7;657.2;0;;17.84583333;26.62083333;;
01/06/2026 11:00;20.3;26.4;25.7;649.7;0;;17.89583333;26.58333333;;
01/06/2026 12:00;21.4;26.5;25.7;758.2;0;;17.9125;26.54583333;;
01/06/2026 13:00;22.7;26.5;25.8;763.7;0;;18.025;26.50625;;
01/06/2026 14:00;23.5;26.6;25.9;839.7;0;;18.15416667;26.46666667;;
01/06/2026 15:00;24.7;26.6;25.9;867.1;0;;18.3375;26.43125;;
01/06/2026 16:00;25.1;26.6;26.1;856;0;;18.5125;26.40625;;
01/06/2026 17:00;25.2;26.7;26.2;755.3;0;;18.6625;26.38958333;;
01/06/2026 18:00;24.9;26.8;26.3;722.9;0;;18.85416667;26.375;;
01/06/2026 19:00;24.6;26.8;26.3;386.1;0;;19.05416667;26.35833333;;
01/06/2026 20:00;23.9;26.8;26.3;227.5;0;;19.24166667;26.34166667;;
01/06/2026 21:00;22.4;26.7;26.2;0;0;;19.34583333;26.325;;
01/06/2026 22:00;21;26.7;26.2;0;0;;19.4625;26.31041667;;
01/06/2026 23:00;20.8;26.7;26.2;0;0;;19.60833333;26.29583333;;
02/06/2026 00:00;20.6;26.7;26.2;0;0.1;;19.775;26.2875;;
02/06/2026 01:00;19.4;26.6;26.1;0;0.2;;19.925;26.27708333;;
02/06/2026 02:00;18.4;26.6;26;0;0.1;;20.05833333;26.26875;;
02/06/2026 03:00;16.6;26.6;25.9;0;0;;20.13333333;26.26041667;;
02/06/2026 04:00;15.7;26.5;25.8;0;0;;20.1875;26.25416667;;
02/06/2026 05:00;15.2;26.4;25.7;0;0;;20.23333333;26.24583333;;
02/06/2026 06:00;14.9;26.2;25.6;0;0;;20.27916667;26.23541667;;
02/06/2026 07:00;14.9;26.1;25.5;98.3;0;;20.30833333;26.23125;;
02/06/2026 08:00;15.6;25.9;25.1;0;0;;20.31666667;26.21875;;
02/06/2026 09:00;16.2;25.9;24.9;16.2;0;;20.27916667;26.19791667;;
02/06/2026 10:00;17.1;25.8;24.8;0;0.2;;20.2125;26.16875;;
02/06/2026 11:00;17.1;25.7;24.8;0.5;0.1;;20.07916667;26.13541667;;
02/06/2026 12:00;16.3;25.7;24.8;118.1;0.7;;19.86666667;26.1;;
02/06/2026 13:00;17.3;25.8;24.9;498.3;0.8;;19.64166667;26.06666667;;
02/06/2026 14:00;18.2;25.9;25;791.4;0.7;;19.42083333;26.03333333;;
02/06/2026 15:00;19;25.9;25;826.1;0.8;;19.18333333;26;;
02/06/2026 16:00;19.3;25.9;24.9;46.4;0.8;;18.94166667;25.96041667;;
02/06/2026 17:00;17.6;25.9;25.1;296.6;0.5;;18.625;25.92083333;;
02/06/2026 18:00;19.6;25.8;25.1;199.1;0.2;;18.40416667;25.875;;
02/06/2026 19:00;18.9;25.8;25.2;501.1;0.1;;18.16666667;25.83125;;
02/06/2026 20:00;18.1;25.8;25.3;430.8;0.1;;17.925;25.78958333;;
02/06/2026 21:00;15.7;25.7;25.1;0;0.2;;17.64583333;25.74583333;;
02/06/2026 22:00;14.5;25.5;25;0;0.1;;17.375;25.69583333;;
02/06/2026 23:00;13.8;25.4;24.9;0;0;;17.08333333;25.64166667;0;0
03/06/2026 00:00;13.3;25.3;24.8;0;0;;16.77916667;25.58333333;;
03/06/2026 01:00;12.9;25.3;24.7;0;0;;16.50833333;25.52708333;;
03/06/2026 02:00;12.4;25.2;24.6;0;0;;16.25833333;25.46875;;
03/06/2026 03:00;11.6;25.1;24.6;0;0;;16.05;25.41041667;;
03/06/2026 04:00;11.3;25.1;24.4;0;0;;15.86666667;25.35208333;;
03/06/2026 05:00;11.2;25;24.3;0;0;;15.7;25.29375;;
03/06/2026 06:00;11.1;25;24.3;0;0;;15.54166667;25.24166667;;
03/06/2026 07:00;11.8;24.9;24.3;253.3;0;;15.4125;25.19166667;;
03/06/2026 08:00;12.8;24.8;24;388.8;0;;15.29583333;25.14583333;;
03/06/2026 09:00;14.1;24.6;24;101.8;0;;15.20833333;25.1;;
03/06/2026 10:00;14.2;24.5;24.2;4.7;0;;15.0875;25.06041667;;
03/06/2026 11:00;14.2;24.5;24.2;1.9;0;;14.96666667;25.02291667;;
03/06/2026 12:00;15.4;24.6;24.2;1.6;0;;14.92916667;24.9875;;
03/06/2026 13:00;16.6;24.7;24.3;22.8;0;;14.9;24.95208333;;
03/06/2026 14:00;18.4;24.7;24.3;0;0;;14.90833333;24.9125;;
03/06/2026 15:00;17.2;24.7;24.4;0;0;;14.83333333;24.875;;
03/06/2026 16:00;16.8;24.8;24.4;0;0;;14.72916667;24.84166667;;
03/06/2026 17:00;17.3;24.8;24.4;0;0;;14.71666667;24.80416667;;
03/06/2026 18:00;17.9;24.8;24.4;0;0;;14.64583333;24.76875;;
03/06/2026 19:00;16.8;24.8;24.4;0;0;;14.55833333;24.73125;;
03/06/2026 20:00;16.6;24.7;24.4;0;0.1;;14.49583333;24.68958333;;
03/06/2026 21:00;16.4;24.8;24.4;0;0.1;;14.525;24.65625;;
03/06/2026 22:00;16.3;24.7;24.4;0;0.1;;14.6;24.62708333;;
03/06/2026 23:00;16.4;24.7;24.4;0;0.1;;14.70833333;24.60208333;;
04/06/2026 00:00;15.4;24.6;24.3;0;0.1;;14.79583333;24.57708333;;
04/06/2026 01:00;15.1;24.5;24.2;0;0.1;;14.8875;24.55;;
04/06/2026 02:00;14.6;24.4;24.1;0;0;;14.97916667;24.52291667;;
04/06/2026 03:00;14.2;24.3;24;0;0;;15.0875;24.49375;;
04/06/2026 04:00;14.1;24.3;24;0;0;;15.20416667;24.46875;;
04/06/2026 05:00;14.1;24.2;23.9;0;0;;15.325;24.44375;;
04/06/2026 06:00;14.2;24.2;23.9;0;0;;15.45416667;24.41875;;
04/06/2026 07:00;14.1;24.1;23.9;0;0.1;;15.55;24.39375;;
04/06/2026 08:00;14.3;24;23.7;0;0.2;;15.6125;24.37083333;;
04/06/2026 09:00;15.1;24;23.6;65.6;0.2;;15.65416667;24.35;;
04/06/2026 10:00;16.1;23.9;23.6;396;0.1;;15.73333333;24.325;;
04/06/2026 11:00;16.9;24.1;23.7;612.1;0.5;;15.84583333;24.30625;;
04/06/2026 12:00;17.9;24.3;23.8;628.7;0.4;;15.95;24.29166667;;
04/06/2026 13:00;19.3;24.4;23.9;787.7;0.1;;16.0625;24.27708333;;
04/06/2026 14:00;20.5;24.5;23.9;872.2;0;;16.15;24.26458333;;
04/06/2026 15:00;20.9;24.4;23.9;248.6;0;;16.30416667;24.24791667;;
04/06/2026 16:00;20.2;24.3;23.9;228.7;0;;16.44583333;24.22708333;;
04/06/2026 17:00;19.9;24.3;24;452;0;;16.55416667;24.20833333;;
04/06/2026 18:00;19.8;24.3;24;409.4;0;;16.63333333;24.18958333;;
04/06/2026 19:00;18.2;24.3;24;559.2;0;;16.69166667;24.17083333;;
04/06/2026 20:00;16.9;24.2;24;449.8;0.1;;16.70416667;24.15208333;;
04/06/2026 21:00;15.4;24.1;23.9;0;0;;16.6625;24.12708333;;
04/06/2026 22:00;14.3;24;23.8;0;0;;16.57916667;24.1;;
04/06/2026 23:00;13.6;24;23.7;0;0;;16.4625;24.07083333;;
05/06/2026 00:00;12.9;23.8;23.7;0;0;;16.35833333;24.04166667;;
05/06/2026 01:00;12.1;23.8;23.6;0;0;;16.23333333;24.01458333;;
05/06/2026 02:00;11.4;23.7;23.5;0;0;;16.1;23.9875;;
05/06/2026 03:00;11.1;23.7;23.5;0;0;;15.97083333;23.96458333;;
05/06/2026 04:00;11.1;23.6;23.4;0;0;;15.84583333;23.9375;;
05/06/2026 05:00;11;23.5;23.3;0;0;;15.71666667;23.91041667;;
05/06/2026 06:00;10.7;23.4;23.3;0;0;;15.57083333;23.88125;;
05/06/2026 07:00;10.5;23.4;23.2;259.1;0;;15.42083333;23.85208333;;
05/06/2026 08:00;11.8;23.3;23.2;0;0;;15.31666667;23.82708333;;
05/06/2026 09:00;12.6;23.3;23.1;38.9;0;;15.2125;23.80208333;;
05/06/2026 10:00;14.2;23.3;23;152.5;0;;15.13333333;23.77708333;;
05/06/2026 11:00;15.5;23.3;23;35.8;0;;15.075;23.74583333;;
05/06/2026 12:00;15.7;23.3;23;20;0;;14.98333333;23.70833333;;
05/06/2026 13:00;16.3;23.3;23.1;26.5;0;;14.85833333;23.66875;;
05/06/2026 14:00;17.3;23.5;23.1;7.7;0;;14.725;23.63125;;
05/06/2026 15:00;17.1;23.4;23.1;1.8;0;;14.56666667;23.59375;;
05/06/2026 16:00;16.9;23.5;23.1;87.4;0;;14.42916667;23.56041667;;
05/06/2026 17:00;18.6;23.6;23.2;11.6;0;;14.375;23.52916667;;
05/06/2026 18:00;18.4;23.6;23.3;258.8;0;;14.31666667;23.5;;
05/06/2026 19:00;19.1;23.6;23.2;710.5;0;;14.35416667;23.46875;;
05/06/2026 20:00;18.6;23.5;23.2;277.8;0;;14.425;23.4375;;
05/06/2026 21:00;16.9;23.4;23.1;0;0;;14.4875;23.40625;;
05/06/2026 22:00;15.1;23.4;23.1;0;0;;14.52083333;23.37916667;;
05/06/2026 23:00;14.2;23.4;23;0;0;;14.54583333;23.35208333;;
06/06/2026 00:00;13.5;23.3;23;0;0;;14.57083333;23.32708333;;
06/06/2026 01:00;13.2;23.2;23;0;0;;14.61666667;23.30208333;;
06/06/2026 02:00;13.4;23.2;22.9;0;0;;14.7;23.27916667;;
06/06/2026 03:00;13.2;23.1;22.9;0;0;;14.7875;23.25416667;;
06/06/2026 04:00;12.8;23;22.8;0;0;;14.85833333;23.22916667;;
06/06/2026 05:00;12.4;23;22.8;0;0;;14.91666667;23.20833333;;
06/06/2026 06:00;12.6;22.9;22.7;0;0;;14.99583333;23.18541667;;
06/06/2026 07:00;13.1;22.8;22.7;0;0;;15.10416667;23.1625;;
06/06/2026 08:00;14.1;22.7;22.7;0;0;;15.2;23.13958333;;
06/06/2026 09:00;14.6;22.8;22.7;0.1;0;;15.28333333;23.12083333;;
06/06/2026 10:00;16.3;22.8;22.6;0;0;;15.37083333;23.10208333;;
06/06/2026 11:00;15.2;22.8;22.7;0;0;;15.35833333;23.08541667;;
06/06/2026 12:00;15.4;22.9;22.7;0;0;;15.34583333;23.07083333;;
06/06/2026 13:00;15.2;23;22.8;0;0.3;;15.3;23.05833333;;
06/06/2026 14:00;15.3;22.9;22.7;40.2;0.1;;15.21666667;23.0375;;
06/06/2026 15:00;20.5;23.1;22.8;226.3;0.3;;15.35833333;23.025;;
06/06/2026 16:00;20.3;23.2;22.9;212.3;0;;15.5;23.01458333;;
06/06/2026 17:00;20;23.2;22.9;207.3;0;;15.55833333;23;;
06/06/2026 18:00;19.8;23.3;22.9;0;0;;15.61666667;22.98541667;;
06/06/2026 19:00;18.8;23.2;22.9;11.6;0;;15.60416667;22.97083333;;
06/06/2026 20:00;19;23.2;22.8;247.3;0;;15.62083333;22.95625;;
06/06/2026 21:00;18.3;23.1;22.8;0;0;;15.67916667;22.94375;;
06/06/2026 22:00;16.9;23.1;22.8;0;0;;15.75416667;22.93125;;
06/06/2026 23:00;15.5;23;22.7;0;0;;15.80833333;22.91666667;;
07/06/2026 00:00;14.3;22.9;22.7;0;0;;15.84166667;22.90208333;;
07/06/2026 01:00;13.3;22.9;22.6;0;0;;15.84583333;22.8875;;
07/06/2026 02:00;12.6;22.8;22.5;0;0;;15.8125;22.87083333;;
07/06/2026 03:00;12.3;22.8;22.5;0;0;;15.775;22.85625;;
07/06/2026 04:00;11.6;22.7;22.5;0;0;;15.725;22.84375;;
07/06/2026 05:00;10.9;22.7;22.4;0;0;;15.6625;22.82916667;;
07/06/2026 06:00;10.5;22.6;22.4;0;0;;15.575;22.81666667;;
07/06/2026 07:00;10.6;22.6;22.5;264;0;;15.47083333;22.80833333;;
07/06/2026 08:00;11.9;22.7;22.4;569.7;0;;15.37916667;22.80208333;;
07/06/2026 09:00;13.6;22.8;22.4;760.6;0;;15.3375;22.79583333;;
07/06/2026 10:00;15.3;22.8;22.4;841.7;0;;15.29583333;22.79166667;;
07/06/2026 11:00;16.9;22.8;22.4;867.4;0;;15.36666667;22.78541667;;
07/06/2026 12:00;18.5;23;22.5;867.7;0;;15.49583333;22.78333333;;
07/06/2026 13:00;20;23.1;22.6;863;0;;15.69583333;22.78125;;
07/06/2026 14:00;21.1;23.1;22.6;729.4;0;;15.9375;22.78333333;;
07/06/2026 15:00;21.3;23.1;22.7;793;0;;15.97083333;22.78125;;
07/06/2026 16:00;21.9;23.1;22.7;844.2;0;;16.0375;22.775;;
07/06/2026 17:00;22.1;23.2;22.8;821;0;;16.125;22.77291667;;
07/06/2026 18:00;22.1;23.3;22.9;396.3;0;;16.22083333;22.77291667;;
07/06/2026 19:00;21.6;23.4;23;292.2;0;;16.3375;22.77916667;;
07/06/2026 20:00;20.8;23.4;22.9;95.9;0;;16.4125;22.78541667;;
07/06/2026 21:00;19;23.3;22.8;0;0;;16.44166667;22.78958333;;
07/06/2026 22:00;17.8;23.2;22.8;0;0;;16.47916667;22.79166667;;
07/06/2026 23:00;17.2;23.2;22.8;0;0;;16.55;22.79791667;;
08/06/2026 00:00;16.9;23.1;22.7;0;0;;16.65833333;22.80208333;;
08/06/2026 01:00;15.9;23.1;22.7;0;0;;16.76666667;22.80833333;;
08/06/2026 02:00;15.8;23.1;22.7;0;0;;16.9;22.81875;;
08/06/2026 03:00;14.6;23;22.7;0;0;;16.99583333;22.82708333;;
08/06/2026 04:00;14.2;23;22.6;0;0;;17.10416667;22.83541667;;
08/06/2026 05:00;14;23;22.6;0;0;;17.23333333;22.84583333;;
08/06/2026 06:00;13.9;22.9;22.6;0;0;;17.375;22.85625;;
08/06/2026 07:00;14.7;22.9;22.6;0;0;;17.54583333;22.86458333;;
08/06/2026 08:00;15.5;22.9;22.6;0;0;;17.69583333;22.87291667;;
08/06/2026 09:00;16.2;22.9;22.5;0;0;;17.80416667;22.87708333;;
08/06/2026 10:00;17;22.9;22.6;16;0;;17.875;22.88333333;;
08/06/2026 11:00;18.2;22.9;22.7;47.6;0;;17.92916667;22.89166667;;
08/06/2026 12:00;19.3;23;22.8;419.1;0;;17.9625;22.89791667;;
08/06/2026 13:00;21.6;23.2;22.8;494;0;;18.02916667;22.90416667;;
08/06/2026 14:00;22.1;23.3;23;762;0;;18.07083333;22.91666667;;
08/06/2026 15:00;22.6;23.4;23;816.4;0;;18.125;22.92916667;;
08/06/2026 16:00;23;23.4;23;416.6;0;;18.17083333;22.94166667;;
08/06/2026 17:00;21.6;23.5;23;50.6;0;;18.15;22.95208333;;
08/06/2026 18:00;19.9;23.4;23;0;0.1;;18.05833333;22.95625;;
08/06/2026 19:00;16.6;23.3;22.9;1.6;0;;17.85;22.95208333;;
08/06/2026 20:00;15.6;23.2;22.8;0;0;;17.63333333;22.94583333;;
08/06/2026 21:00;13.8;23.2;22.8;0;0.1;;17.41666667;22.94375;;
08/06/2026 22:00;13.9;23.2;22.8;0;0;;17.25416667;22.94375;;
08/06/2026 23:00;13.6;23.1;22.7;0;0;;17.10416667;22.93958333;;
09/06/2026 00:00;13.1;23;22.7;0;0;;16.94583333;22.9375;;
09/06/2026 01:00;13.3;23;22.7;0;0;;16.8375;22.93541667;;
09/06/2026 02:00;12.9;22.9;22.6;0;0;;16.71666667;22.92916667;;
09/06/2026 03:00;11.4;22.8;22.5;0;0;;16.58333333;22.92083333;;
09/06/2026 04:00;10.8;22.7;22.4;0;0;;16.44166667;22.91041667;;
09/06/2026 05:00;10.2;22.6;22.4;0;0;;16.28333333;22.89791667;;
09/06/2026 06:00;9.4;22.6;22.3;0;0;;16.09583333;22.88541667;;
09/06/2026 07:00;9.7;22.5;22.4;268;0;;15.8875;22.87291667;;
09/06/2026 08:00;11.1;22.5;22.4;572.1;0;;15.70416667;22.86041667;;
09/06/2026 09:00;12.9;22.5;22.4;764.4;0;;15.56666667;22.85;;
09/06/2026 10:00;14.6;22.6;22.4;856;0;;15.46666667;22.83958333;;
09/06/2026 11:00;16;22.6;22.3;790.9;0;;15.375;22.825;;
09/06/2026 12:00;17.4;22.7;22.3;493.1;0;;15.29583333;22.80833333;;
09/06/2026 13:00;18.2;22.7;22.4;204;0;;15.15416667;22.78958333;;
09/06/2026 14:00;18.6;22.8;22.4;17.1;0;;15.00833333;22.76666667;;
09/06/2026 15:00;18.8;22.8;22.4;0;0;;14.85;22.74166667;;
09/06/2026 16:00;17.1;22.8;22.5;34.9;0;;14.60416667;22.71875;;
09/06/2026 17:00;17.6;22.8;22.7;321.7;0;;14.4375;22.69791667;;
09/06/2026 18:00;18.3;22.8;22.6;0;0;;14.37083333;22.67708333;;
09/06/2026 19:00;16.8;22.8;22.5;0;0;;14.37916667;22.65833333;;
09/06/2026 20:00;16.7;22.8;22.5;358.9;0;;14.425;22.64375;;
09/06/2026 21:00;15.9;22.7;22.5;0;0;;14.5125;22.62708333;;
09/06/2026 22:00;14.5;22.7;22.5;0;0;;14.5375;22.61041667;;
09/06/2026 23:00;14.1;22.6;22.4;0;0;;14.55833333;22.59375;;
10/06/2026 00:00;13.6;22.5;22.4;0;0;;14.57916667;22.57708333;;
10/06/2026 01:00;13.3;22.5;22.3;0;0;;14.57916667;22.55833333;;
10/06/2026 02:00;13;22.4;22.3;0;0;;14.58333333;22.54166667;;
10/06/2026 03:00;12.7;22.4;22.3;0;0;;14.6375;22.52916667;;
10/06/2026 04:00;12.7;22.3;22.2;0;0;;14.71666667;22.51666667;;
10/06/2026 05:00;12.4;22.2;22.2;0;0;;14.80833333;22.50416667;;
10/06/2026 06:00;11.8;22.2;22.1;0;0;;14.90833333;22.49166667;;
10/06/2026 07:00;11.7;22.1;22.1;0;0;;14.99166667;22.47708333;;
10/06/2026 08:00;12;22.1;22;25.7;0;;15.02916667;22.46041667;;
10/06/2026 09:00;13.4;22.2;22;432.5;0;;15.05;22.44583333;;
10/06/2026 10:00;14.7;22.2;22;677.5;0;;15.05416667;22.42916667;;
10/06/2026 11:00;16.3;22.2;21.9;490.2;0;;15.06666667;22.4125;;
10/06/2026 12:00;17.3;22.2;21.9;57.9;0.1;;15.0625;22.39375;;
10/06/2026 13:00;17.2;22.4;21.9;11.9;0;;15.02083333;22.37708333;;
10/06/2026 14:00;15.7;22.3;22;254.3;0.2;;14.9;22.35833333;;
10/06/2026 15:00;17.3;22.4;22.1;544.7;0.3;;14.8375;22.34375;;
10/06/2026 16:00;17;22.4;22.1;579.6;0.6;;14.83333333;22.32708333;;
10/06/2026 17:00;17.4;22.4;22.1;521.7;0.3;;14.825;22.30625;;
10/06/2026 18:00;15.9;22.4;22.2;636.2;0.7;;14.725;22.28958333;;
10/06/2026 19:00;15.6;22.4;22.1;679.4;0.5;;14.675;22.27291667;;
10/06/2026 20:00;14.8;22.3;22.1;200.1;0.4;;14.59583333;22.25416667;;
10/06/2026 21:00;15.2;22.3;22.2;0;0;;14.56666667;22.23958333;;
10/06/2026 22:00;14.1;22.2;22;0;0;;14.55;22.21875;;
10/06/2026 23:00;13.6;22.2;21.9;0;0;;14.52916667;22.2;;
11/06/2026 00:00;12.8;22.1;21.9;0;0;;14.49583333;22.18125;;
11/06/2026 01:00;11.9;22;21.8;0;0;;14.4375;22.16041667;;
11/06/2026 02:00;11.1;22;21.8;0;0;;14.35833333;22.14166667;;
11/06/2026 03:00;10.3;21.9;21.7;0;0;;14.25833333;22.11875;;
11/06/2026 04:00;9.9;21.7;21.7;0;0;;14.14166667;22.09583333;;
11/06/2026 05:00;9.6;21.8;21.6;0;0;;14.025;22.075;;
11/06/2026 06:00;9.3;21.7;21.6;0;0;;13.92083333;22.05416667;;
11/06/2026 07:00;9.8;21.7;21.6;246.4;0;;13.84166667;22.03541667;;
11/06/2026 08:00;11.3;21.7;21.6;572.6;0;;13.8125;22.01875;;
11/06/2026 09:00;13.1;21.8;21.6;757.9;0;;13.8;22.00208333;;
11/06/2026 10:00;14.8;21.9;21.7;807.3;0;;13.80416667;21.98958333;;
11/06/2026 11:00;16.3;21.9;21.9;588.9;0;;13.80416667;21.98333333;;
11/06/2026 12:00;17.6;22;21.9;769.9;0;;13.81666667;21.97916667;;
11/06/2026 13:00;19.3;22;21.9;787.1;0;;13.90416667;21.97083333;;
11/06/2026 14:00;20.1;22;21.9;166.9;0;;14.0875;21.9625;;
11/06/2026 15:00;19.3;22;21.9;136.7;0;;14.17083333;21.95;;
11/06/2026 16:00;18.2;22;21.9;0;0;;14.22083333;21.9375;;
11/06/2026 17:00;16.3;22;21.8;0;0;;14.175;21.92291667;;
11/06/2026 18:00;16.9;21.9;21.9;0;0;;14.21666667;21.90625;;
11/06/2026 19:00;17.1;21.9;21.9;0;0;;14.27916667;21.89166667;;
11/06/2026 20:00;16.8;22;21.9;0;0;;14.3625;21.88125;;
11/06/2026 21:00;15.9;22;21.8;0;0;;14.39166667;21.86666667;;
11/06/2026 22:00;15.9;21.9;21.8;0;0;;14.46666667;21.85625;;
11/06/2026 23:00;16.4;21.9;21.8;0;0;;14.58333333;21.84791667;;
12/06/2026 00:00;16.1;21.9;21.8;0;0;;14.72083333;21.84166667;;
12/06/2026 01:00;16.3;21.8;21.7;0;0;;14.90416667;21.83541667;;
12/06/2026 02:00;16.4;21.8;21.7;0;0;;15.125;21.82916667;;
12/06/2026 03:00;16.2;21.8;21.7;0;0;;15.37083333;21.82708333;;
12/06/2026 04:00;15.9;21.8;21.7;0;0;;15.62083333;21.82916667;;
12/06/2026 05:00;15.7;21.7;21.7;0;0;;15.875;21.82916667;;
12/06/2026 06:00;15.4;21.7;21.7;0;0;;16.12916667;21.83125;;
12/06/2026 07:00;15.6;21.7;21.7;0;0;;16.37083333;21.83333333;;
12/06/2026 08:00;16.3;21.8;21.8;0;0;;16.57916667;21.83958333;;
12/06/2026 09:00;17.3;21.8;21.7;116.3;0;;16.75416667;21.84166667;;
12/06/2026 10:00;18.4;21.8;21.8;46;0;;16.90416667;21.84166667;;
12/06/2026 11:00;19.2;21.9;21.9;19;0;;17.025;21.84166667;;
12/06/2026 12:00;20.3;22;21.9;13.9;0;;17.1375;21.84166667;;
12/06/2026 13:00;21;22.2;22;18.8;0;;17.20833333;21.84791667;;
12/06/2026 14:00;21.9;22.3;22.1;106.1;0;;17.28333333;21.85833333;;
12/06/2026 15:00;23.3;22.4;22.2;574.8;0;;17.45;21.87291667;;
12/06/2026 16:00;25;22.5;22.4;769.8;0;;17.73333333;21.89375;;
12/06/2026 17:00;25.8;22.6;22.5;590.8;0;;18.12916667;21.92083333;;
12/06/2026 18:00;25.8;22.8;22.6;367.6;0;;18.5;21.95416667;;
12/06/2026 19:00;25.1;22.8;22.8;330.1;0;;18.83333333;21.99166667;;
12/06/2026 20:00;23.8;22.9;22.9;127.3;0;;19.125;22.03125;;
12/06/2026 21:00;21.9;22.9;22.9;0;0;;19.375;22.07291667;;
12/06/2026 22:00;20.4;22.8;22.7;0;0;;19.5625;22.11041667;;
12/06/2026 23:00;19.2;22.8;22.7;0;0;;19.67916667;22.14791667;;
13/06/2026 00:00;18.1;22.7;22.6;0;0;;19.7625;22.18125;;
13/06/2026 01:00;17.1;22.7;22.5;0;0;;19.79583333;22.21666667;;
13/06/2026 02:00;16.3;22.7;22.5;0;0;;19.79166667;22.25208333;;
13/06/2026 03:00;15.7;22.6;22.5;0;0;;19.77083333;22.28541667;;
13/06/2026 04:00;15;22.6;22.4;0;0;;19.73333333;22.31666667;;
13/06/2026 05:00;14.4;22.6;22.4;0;0;;19.67916667;22.35;;
13/06/2026 06:00;13.7;22.5;22.4;0;0;;19.60833333;22.38125;;
13/06/2026 07:00;13.8;22.5;22.5;272.4;0;;19.53333333;22.41458333;;
13/06/2026 08:00;15;22.6;22.5;573.8;0;;19.47916667;22.44583333;;
13/06/2026 09:00;15.7;22.7;22.6;72.2;0;;19.4125;22.48333333;;
13/06/2026 10:00;17;22.8;22.5;407.7;0;;19.35416667;22.51875;;
13/06/2026 11:00;19.5;22.9;22.6;864.3;0;;19.36666667;22.55416667;;
13/06/2026 12:00;21.7;23;22.7;867.8;0;;19.425;22.59166667;;
13/06/2026 13:00;23.8;23.2;22.8;869.3;0;;19.54166667;22.62916667;;
13/06/2026 14:00;25.4;23.2;22.9;870.6;0;;19.6875;22.66458333;;
13/06/2026 15:00;26.9;23.3;23;866.7;0;;19.8375;22.7;;
13/06/2026 16:00;27.4;23.4;23.2;841.1;0;;19.9375;22.73541667;;
13/06/2026 17:00;27.2;23.5;23.3;761.5;0;;19.99583333;22.77083333;;
13/06/2026 18:00;26.6;23.6;23.4;766.5;0;;20.02916667;22.80416667;;
13/06/2026 19:00;25.3;23.7;23.5;671.3;0;;20.0375;22.8375;;
13/06/2026 20:00;23.6;23.7;23.7;486.9;0;;20.02916667;22.87083333;;
13/06/2026 21:00;22.3;23.7;23.6;56.4;0;;20.04583333;22.90208333;;
13/06/2026 22:00;20.2;23.6;23.4;0;0;;20.0375;22.93333333;;
13/06/2026 23:00;18.9;23.5;23.3;0;0;;20.025;22.96041667;;
14/06/2026 00:00;17.9;23.4;23.2;0;0;;20.01666667;22.9875;;
14/06/2026 01:00;16.9;23.3;23.2;0;0;;20.00833333;23.01458333;;
14/06/2026 02:00;16.1;23.3;23.1;0;0;;20;23.03958333;;
14/06/2026 03:00;15.8;23.2;23;0;0;;20.00416667;23.0625;;
14/06/2026 04:00;15.1;23.1;22.9;0;0;;20.00833333;23.08333333;;
14/06/2026 05:00;14.4;23.1;22.9;0;0;;20.00833333;23.10416667;;
14/06/2026 06:00;14;23;22.8;0;0;;20.02083333;23.12291667;;
14/06/2026 07:00;14.3;23.1;22.8;273.2;0;;20.04166667;23.14166667;;
14/06/2026 08:00;15.6;23.1;22.8;574.2;0;;20.06666667;23.15833333;;
14/06/2026 09:00;17.3;23.2;22.8;753.7;0;;20.13333333;23.17291667;;
14/06/2026 10:00;18.9;23.2;22.8;832.1;0;;20.2125;23.1875;;
14/06/2026 11:00;20.6;23.4;22.9;861.4;0;;20.25833333;23.20416667;;
14/06/2026 12:00;22.1;23.5;23;871.8;0;;20.275;23.22083333;;
14/06/2026 13:00;23.4;23.5;23;877.4;0;;20.25833333;23.23125;;
14/06/2026 14:00;24.5;23.5;23.1;867.9;0;;20.22083333;23.24166667;;
14/06/2026 15:00;25.2;23.5;23.3;646.9;0;;20.15;23.25208333;;
14/06/2026 16:00;25.6;23.6;23.3;620.5;0;;20.075;23.25833333;;
14/06/2026 17:00;25.6;23.7;23.4;754.3;0;;20.00833333;23.26458333;;
14/06/2026 18:00;25.4;23.8;23.4;575;0;;19.95833333;23.26875;;
14/06/2026 19:00;24.6;23.9;23.5;629.6;0;;19.92916667;23.27291667;;
14/06/2026 20:00;23.3;24;23.6;499.5;0;;19.91666667;23.27708333;;
14/06/2026 21:00;22;23.9;23.5;65.5;0;;19.90416667;23.27916667;;
14/06/2026 22:00;19.9;23.9;23.4;0;0;;19.89166667;23.28541667;;
14/06/2026 23:00;18.5;23.8;23.4;0;0;;19.875;23.29375;;
15/06/2026 00:00;17.6;23.7;23.3;0;0;;19.8625;23.30208333;;
15/06/2026 01:00;16.8;23.7;23.3;0;0;;19.85833333;23.3125;;
15/06/2026 02:00;16;23.6;23.2;0;0;;19.85416667;23.32083333;;
15/06/2026 03:00;15.6;23.6;23.1;0;0;;19.84583333;23.33125;;
15/06/2026 04:00;15;23.5;23.1;0;0;;19.84166667;23.34375;;
15/06/2026 05:00;14.3;23.5;23.1;0;0;;19.8375;23.35625;;
15/06/2026 06:00;13.9;23.4;23;0;0;;19.83333333;23.36875;;
15/06/2026 07:00;14.3;23.4;23;273.9;0;;19.83333333;23.37916667;;
15/06/2026 08:00;16;23.4;23;574.7;0;;19.85;23.38958333;;
15/06/2026 09:00;18.2;23.5;23;733.9;0;;19.8875;23.4;;
15/06/2026 10:00;20.2;23.6;23.1;826.3;0;;19.94166667;23.41458333;;
15/06/2026 11:00;22;23.7;23.2;728.9;0;;20;23.42708333;;
15/06/2026 12:00;23.9;23.8;23.3;820.6;0;;20.075;23.43958333;;
15/06/2026 13:00;25.7;23.9;23.4;848.3;0;;20.17083333;23.45625;;
15/06/2026 14:00;27.1;24;23.5;844.2;0;;20.27916667;23.475;;
15/06/2026 15:00;27.9;24.1;23.6;846;0;;20.39166667;23.49375;;
15/06/2026 16:00;28.6;24.2;23.6;827.4;0;;20.51666667;23.5125;;
15/06/2026 17:00;29.1;24.3;23.7;361.1;0;;20.6625;23.53125;;
15/06/2026 18:00;29.1;24.4;23.7;594;0;;20.81666667;23.55;;
15/06/2026 19:00;29;24.4;23.8;357.8;0;;21;23.56666667;;
15/06/2026 20:00;28.3;24.4;23.8;44.2;0;;21.20833333;23.57916667;;
15/06/2026 21:00;25.8;24.3;23.9;0;0;;21.36666667;23.59583333;;
15/06/2026 22:00;24.4;24.3;23.9;0;0;;21.55416667;23.61458333;;
15/06/2026 23:00;23.1;24.3;23.9;0;0;;21.74583333;23.63541667;;
16/06/2026 00:00;22.3;24.3;23.9;0;0;;21.94166667;23.66041667;;
16/06/2026 01:00;21.7;24.3;23.9;0;0;;22.14583333;23.68541667;;
16/06/2026 02:00;21.3;24.3;23.9;0;0;;22.36666667;23.71458333;;
16/06/2026 03:00;21.2;24.3;23.9;0;0;;22.6;23.74583333;;
16/06/2026 04:00;21.2;24.3;23.9;0;0;;22.85833333;23.77916667;;
16/06/2026 05:00;20.7;24.3;23.9;0;0;;23.125;23.8125;;
16/06/2026 06:00;19.5;24.3;23.9;0;0;;23.35833333;23.85;;
16/06/2026 07:00;19.9;24.2;23.9;56.9;0;;23.59166667;23.88541667;;
16/06/2026 08:00;20.7;24.3;23.9;153;0;;23.7875;23.92291667;;
16/06/2026 09:00;21.6;24.4;24;96.6;0;;23.92916667;23.9625;;
16/06/2026 10:00;22.7;24.5;24;367.8;0;;24.03333333;24;;
16/06/2026 11:00;24.5;24.7;24.1;512.7;0;;24.1375;24.03958333;;
16/06/2026 12:00;25.9;24.8;24.2;558.2;0;;24.22083333;24.07916667;;
16/06/2026 13:00;27;24.9;24.3;625.8;0;;24.275;24.11875;;
16/06/2026 14:00;28;24.9;24.4;709.2;0;;24.3125;24.15625;;
16/06/2026 15:00;28.8;25;24.4;741.3;0;;24.35;24.19166667;;
16/06/2026 16:00;29.1;25;24.5;788.6;0;;24.37083333;24.22708333;;
16/06/2026 17:00;29.3;25.1;24.5;799.7;0;;24.37916667;24.26041667;;
16/06/2026 18:00;28.7;25.2;24.6;753.5;0;;24.3625;24.29583333;;
16/06/2026 19:00;27.8;25.3;24.7;644.6;0;;24.3125;24.33333333;;
16/06/2026 20:00;26.3;25.3;24.8;453.6;0;;24.22916667;24.37291667;;
16/06/2026 21:00;24.6;25.3;24.7;64.2;0;;24.17916667;24.41041667;;
16/06/2026 22:00;22.8;25.2;24.7;0;0;;24.1125;24.44583333;;
16/06/2026 23:00;21.6;25.1;24.6;0;0;;24.05;24.47708333;;
17/06/2026 00:00;20.6;25.1;24.6;0;0;;23.97916667;24.50833333;;
17/06/2026 01:00;20;25;24.6;0;0;;23.90833333;24.5375;;
17/06/2026 02:00;19.4;25;24.6;0;0;;23.82916667;24.56666667;;
17/06/2026 03:00;19;24.9;24.5;0;0;;23.7375;24.59166667;;
17/06/2026 04:00;18.5;24.9;24.6;0;0;;23.625;24.61875;;
17/06/2026 05:00;18;24.8;24.6;0;0;;23.5125;24.64375;;
17/06/2026 06:00;17.8;24.8;24.5;0;0;;23.44166667;24.66666667;;
17/06/2026 07:00;18.4;24.8;24.5;274.9;0;;23.37916667;24.69166667;;
17/06/2026 08:00;19.9;24.9;24.5;530;0;;23.34583333;24.71666667;;
17/06/2026 09:00;21.9;24.9;24.6;652;0;;23.35833333;24.73958333;;
17/06/2026 10:00;24;25;24.7;761;0;;23.4125;24.76458333;;
17/06/2026 11:00;25.9;25.2;24.8;777.9;0;;23.47083333;24.78958333;;
17/06/2026 12:00;27.4;25.3;24.8;785.1;0;;23.53333333;24.8125;;
17/06/2026 13:00;28.6;25.5;24.9;787.3;0;;23.6;24.8375;;
17/06/2026 14:00;29.6;25.6;25;789.4;0;;23.66666667;24.86458333;;
17/06/2026 15:00;31.3;25.6;25.1;796.2;0;;23.77083333;24.89166667;;
17/06/2026 16:00;31.8;25.7;25.2;797;0;;23.88333333;24.92083333;;
17/06/2026 17:00;32.2;25.8;25.3;785.7;0;;24.00416667;24.95208333;;
17/06/2026 18:00;32.3;26;25.3;757.8;0;;24.15416667;24.98333333;;
17/06/2026 19:00;32;26.1;25.4;670.1;0;;24.32916667;25.01458333;;
17/06/2026 20:00;31.2;26.1;25.6;482.5;0;;24.53333333;25.04791667;;
17/06/2026 21:00;29.3;26.1;25.6;86.5;0;;24.72916667;25.08333333;;
17/06/2026 22:00;26.1;26.2;25.6;0;0;;24.86666667;25.12291667;;
17/06/2026 23:00;23.7;26.1;25.6;0;0;;24.95416667;25.16458333;;
18/06/2026 00:00;22.7;26.1;25.6;0;0;;25.04166667;25.20625;;
18/06/2026 01:00;21.9;26;25.6;0;0;;25.12083333;25.24791667;;
18/06/2026 02:00;21.4;25.9;25.5;0;0;;25.20416667;25.28541667;;
18/06/2026 03:00;20.8;25.8;25.4;0;0;;25.27916667;25.32291667;;
18/06/2026 04:00;20.1;25.7;25.4;0;0;;25.34583333;25.35625;;
18/06/2026 05:00;19.6;25.7;25.3;0;0;;25.4125;25.38958333;;
18/06/2026 06:00;19.1;25.6;25.3;0;0;;25.46666667;25.42291667;;
18/06/2026 07:00;19.7;25.6;25.3;275.1;0;;25.52083333;25.45625;;
18/06/2026 08:00;21.6;25.7;25.4;575.7;0;;25.59166667;25.49166667;;
18/06/2026 09:00;24.3;25.8;25.5;732.1;0;;25.69166667;25.52916667;;
18/06/2026 10:00;27;25.9;25.6;787.4;0;;25.81666667;25.56666667;;
18/06/2026 11:00;29.7;26.1;25.7;803.3;0;;25.975;25.60416667;;
18/06/2026 12:00;32.1;26.3;25.9;810.3;0;;26.17083333;25.64791667;;
18/06/2026 13:00;33.8;26.5;25.9;815.4;0;;26.3875;25.68958333;;
18/06/2026 14:00;35.3;26.6;26.1;814.3;0;;26.625;25.73333333;;
18/06/2026 15:00;36.2;26.7;26.2;777.5;0;;26.82916667;25.77916667;;
18/06/2026 16:00;36.8;26.8;26.2;690.4;0;;27.0375;25.82291667;;
18/06/2026 17:00;37;26.9;26.4;764.6;0;;27.2375;25.86875;;
18/06/2026 18:00;37;27;26.4;0;0;;27.43333333;25.9125;;
18/06/2026 19:00;30.4;27;26.4;0;0.1;;27.36666667;25.95208333;;
18/06/2026 20:00;29.8;27;26.5;0;0.1;;27.30833333;25.98958333;;
18/06/2026 21:00;25.7;27.1;26.5;0;0.1;;27.15833333;26.02916667;;
18/06/2026 22:00;27.4;27.1;26.6;0;0;;27.2125;26.06875;;
18/06/2026 23:00;25.8;27;26.5;0;0;;27.3;26.10625;;
19/06/2026 00:00;25.1;27;26.5;0;0;;27.4;26.14375;;
19/06/2026 01:00;24;27;26.5;0;0;;27.4875;26.18333333;;
19/06/2026 02:00;23.6;27;26.5;0;0;;27.57916667;26.22708333;;
19/06/2026 03:00;23.2;26.9;26.5;0;0;;27.67916667;26.27291667;;
19/06/2026 04:00;22.3;26.9;26.5;0;0;;27.77083333;26.32083333;;
19/06/2026 05:00;21.4;26.9;26.5;0;0;;27.84583333;26.37083333;;
19/06/2026 06:00;20.8;26.8;26.5;0;0;;27.91666667;26.42083333;;
19/06/2026 07:00;21.6;26.8;26.4;274.4;0;;27.99583333;26.46875;;
19/06/2026 08:00;23.6;26.8;26.4;575.8;0;;28.07916667;26.5125;;
19/06/2026 09:00;26.6;27;26.5;730.5;0;;28.175;26.55833333;;
19/06/2026 10:00;29.1;27.1;26.7;795.4;0;;28.2625;26.60625;;
19/06/2026 11:00;30.9;27.2;26.8;816.5;0;;28.3125;26.65208333;;
19/06/2026 12:00;32.7;27.4;26.8;827.4;0;;28.3375;26.69375;;
19/06/2026 13:00;32.5;27.5;26.9;830;0.3;;28.28333333;26.73541667;;
19/06/2026 14:00;34.3;27.6;27;831.9;0.2;;28.24166667;26.775;;
19/06/2026 15:00;35.6;27.8;27.1;640.9;0;;28.21666667;26.81666667;;
19/06/2026 16:00;36.1;27.8;27.1;768.1;0;;28.1875;26.85625;;
19/06/2026 17:00;36.4;27.9;27.2;829.8;0;;28.1625;26.89375;;
19/06/2026 18:00;36.3;28;27.2;519.7;0;;28.13333333;26.93125;;
19/06/2026 19:00;35.1;28.1;27.3;589.7;0;;28.32916667;26.97291667;;
19/06/2026 20:00;34.2;28.1;27.3;511.8;0;;28.5125;27.0125;;
19/06/2026 21:00;31.5;28;27.3;96.9;0;;28.75416667;27.04791667;;
19/06/2026 22:00;26.7;28;27.3;0;0;;28.725;27.08125;;
19/06/2026 23:00;25.4;28;27.4;0;0;;28.70833333;27.12083333;;
20/06/2026 00:00;24.8;27.9;27.3;0;0;;28.69583333;27.15625;;
20/06/2026 01:00;23.3;27.9;27.2;0;0;;28.66666667;27.18958333;;
20/06/2026 02:00;21.9;27.8;27.2;0;0;;28.59583333;27.22083333;;
20/06/2026 03:00;22;27.7;27.1;0;0;;28.54583333;27.25;;
20/06/2026 04:00;21.6;27.6;27;0;0;;28.51666667;27.275;;
20/06/2026 05:00;21.1;27.6;27;0;0;;28.50416667;27.3;;
20/06/2026 06:00;20.6;27.5;26.9;0;0;;28.49583333;27.32291667;;
20/06/2026 07:00;21;27.5;26.9;274.8;0;;28.47083333;27.34791667;;
20/06/2026 08:00;22.4;27.5;26.9;575.7;0;;28.42083333;27.37291667;;
20/06/2026 09:00;24.6;27.5;27;733;0;;28.3375;27.39375;;
20/06/2026 10:00;26.9;27.6;27.1;786.1;0;;28.24583333;27.4125;;
20/06/2026 11:00;29;27.7;27.1;799.5;0;;28.16666667;27.42916667;;
20/06/2026 12:00;30.9;27.9;27.2;798.1;0;;28.09166667;27.44791667;;
20/06/2026 13:00;32.4;28;27.3;791.3;0;;28.0875;27.46666667;;
20/06/2026 14:00;33.4;28.1;27.4;562.4;0;;28.05;27.48541667;;
20/06/2026 15:00;34;28.3;27.6;614.8;0;;27.98333333;27.50625;;
20/06/2026 16:00;34.7;28.4;27.6;646.3;0;;27.925;27.52916667;;
20/06/2026 17:00;35.1;28.5;27.7;712.2;0;;27.87083333;27.55208333;;
20/06/2026 18:00;34.9;28.7;27.8;163.6;0;;27.8125;27.57916667;;
20/06/2026 19:00;27.1;28.8;27.8;65.9;0.3;;27.47916667;27.60416667;;
20/06/2026 20:00;24.6;28.8;27.8;182.2;0.2;;27.07916667;27.62916667;;
20/06/2026 21:00;24.8;28.9;27.9;89.9;0;;26.8;27.66041667;;
20/06/2026 22:00;21.7;28.8;28;0;1.2;;26.59166667;27.69166667;;
20/06/2026 23:00;21;28.8;28;0;0.3;;26.40833333;27.72083333;;
21/06/2026 00:00;21.3;28.7;28.1;0;0;;26.2625;27.75416667;;
21/06/2026 01:00;20.5;28.7;28;0;0;;26.14583333;27.7875;;
21/06/2026 02:00;19.3;28.6;27.9;0;0;;26.0375;27.81875;;
21/06/2026 03:00;20.1;28.5;27.8;0;0.7;;25.95833333;27.85;;
21/06/2026 04:00;19.7;28.3;27.6;0;0.6;;25.87916667;27.87708333;;
21/06/2026 05:00;19.8;28.3;27.6;0;0;;25.825;27.90416667;;
21/06/2026 06:00;19.7;28.2;27.5;0;0;;25.7875;27.93125;;
21/06/2026 07:00;20.2;28.2;27.5;274.4;0;;25.75416667;27.95833333;;
21/06/2026 08:00;21.4;28.1;27.5;463.4;0;;25.7125;27.98333333;;
21/06/2026 09:00;23.9;28.2;27.7;628.4;0;;25.68333333;28.0125;;
21/06/2026 10:00;26.7;28.3;27.8;766;0;;25.675;28.04166667;;
21/06/2026 11:00;29.2;28.5;27.9;787.4;0;;25.68333333;28.075;;
21/06/2026 12:00;31.6;28.6;27.9;795.8;0;;25.7125;28.10416667;;
21/06/2026 13:00;33.5;28.7;28;803;0;;25.75833333;28.13333333;;
21/06/2026 14:00;34.9;28.7;28.1;803.9;0;;25.82083333;28.16041667;;
21/06/2026 15:00;36.1;28.9;28.2;798.6;0;;25.90833333;28.18541667;;
21/06/2026 16:00;36.8;28.9;28.3;795.6;0;;25.99583333;28.21041667;;
21/06/2026 17:00;37;29;28.5;782;0;;26.075;28.2375;;
21/06/2026 18:00;37.1;29.2;28.6;745.8;0;;26.16666667;28.26458333;;
21/06/2026 19:00;36.8;29.3;28.6;650.9;0;;26.57083333;28.29166667;;
21/06/2026 20:00;35.7;29.4;28.7;460;0;;27.03333333;28.32291667;;
21/06/2026 21:00;33.1;29.5;28.7;95;0;;27.37916667;28.35208333;;
21/06/2026 22:00;30.4;29.5;28.7;0;0;;27.74166667;28.38125;;
21/06/2026 23:00;29.6;29.4;28.8;0;0;;28.1;28.41041667;;
22/06/2026 00:00;28.7;29.4;28.8;0;0;;28.40833333;28.43958333;;
22/06/2026 01:00;27.9;29.4;28.8;0;0;;28.71666667;28.47083333;;
22/06/2026 02:00;27.1;29.4;28.8;0;0;;29.04166667;28.50625;;
22/06/2026 03:00;25.9;29.3;28.8;0;0;;29.28333333;28.54375;;
22/06/2026 04:00;25.3;29.3;28.7;0;0;;29.51666667;28.5875;;
22/06/2026 05:00;24.8;29.2;28.7;0;0;;29.725;28.62916667;;
22/06/2026 06:00;24.2;29.2;28.7;0;0;;29.9125;28.675;;
22/06/2026 07:00;24.8;29.2;28.7;273.7;0;;30.10416667;28.72083333;;
22/06/2026 08:00;26.4;29.3;28.8;575.2;0;;30.3125;28.77291667;;
22/06/2026 09:00;28.7;29.3;28.8;716.9;0;;30.5125;28.81875;;
22/06/2026 10:00;31.1;29.4;28.9;758.3;0;;30.69583333;28.86458333;;
22/06/2026 11:00;33.3;29.6;29;776.8;0;;30.86666667;28.91041667;;
22/06/2026 12:00;35.2;29.7;29.1;783;0;;31.01666667;28.95833333;;
22/06/2026 13:00;36.7;29.8;29.2;786;0;;31.15;29.00625;;
22/06/2026 14:00;37.8;29.9;29.2;784.9;0;;31.27083333;29.05416667;;
22/06/2026 15:00;38.5;30;29.4;770.1;0;;31.37083333;29.10208333;;
22/06/2026 16:00;38.9;30.2;29.5;157.8;0;;31.45833333;29.15416667;;
22/06/2026 17:00;37.9;30.2;29.5;439;0;;31.49583333;29.2;;
22/06/2026 18:00;36.5;30.3;29.6;634.5;0;;31.47083333;29.24375;;
22/06/2026 19:00;31.8;30.4;29.7;0;0.2;;31.2625;29.28958333;;
22/06/2026 20:00;28.2;30.5;29.7;0;0.3;;30.95;29.33333333;;
22/06/2026 21:00;33.8;30.6;29.7;102;0;;30.97916667;29.37708333;;
22/06/2026 22:00;31.4;30.5;29.7;0;0;;31.02083333;29.41875;;
22/06/2026 23:00;29.7;30.5;29.8;0;0;;31.025;29.4625;;
23/06/2026 00:00;28.5;30.4;29.8;0;0;;31.01666667;29.50416667;;
23/06/2026 01:00;27.5;30.4;29.8;0;0;;31;29.54583333;;
23/06/2026 02:00;26.5;30.3;29.7;0;0;;30.975;29.58333333;;
23/06/2026 03:00;26;30.3;29.6;0;0;;30.97916667;29.62083333;;
23/06/2026 04:00;25.2;30.2;29.6;0;0;;30.975;29.65833333;;
23/06/2026 05:00;24.5;30.2;29.6;0;0;;30.9625;29.69791667;;
23/06/2026 06:00;24;30.1;29.6;0;0;;30.95416667;29.73541667;;
23/06/2026 07:00;24.4;30.1;29.6;272.9;0;;30.9375;29.77291667;;
23/06/2026 08:00;26;30.1;29.6;519.9;0;;30.92083333;29.80625;;
23/06/2026 09:00;28.3;30.2;29.7;723.7;0;;30.90416667;29.84375;;
23/06/2026 10:00;30.4;30.4;29.8;767.8;0;;30.875;29.88333333;;
23/06/2026 11:00;32.7;30.4;29.8;785.9;0;;30.85;29.91666667;;
23/06/2026 12:00;34.8;30.5;29.9;797;0;;30.83333333;29.95;;
23/06/2026 13:00;36.7;30.6;29.9;805.2;0;;30.83333333;29.98125;;
23/06/2026 14:00;38.4;30.6;30;806.6;0;;30.85833333;30.0125;;
23/06/2026 15:00;38.7;30.8;30;797.7;0;;30.86666667;30.04166667;;
23/06/2026 16:00;39.4;30.7;30.1;795.1;0;;30.8875;30.06458333;;
23/06/2026 17:00;39.8;30.8;30.2;780.3;0;;30.96666667;30.09166667;;
23/06/2026 18:00;39.6;30.9;30.3;742.6;0;;31.09583333;30.11875;;
23/06/2026 19:00;39.3;31;30.3;646.5;0;;31.40833333;30.14375;;
23/06/2026 20:00;38.4;31.2;30.4;452.6;0;;31.83333333;30.17291667;;
23/06/2026 21:00;36;31.1;30.4;112.8;0;;31.925;30.19791667;;
23/06/2026 22:00;33.4;31.1;30.3;0;0;;32.00833333;30.22291667;;
23/06/2026 23:00;31.4;31.1;30.4;0;0;;32.07916667;30.24791667;;
24/06/2026 00:00;29.9;31;30.4;0;0;;32.1375;30.27291667;;
24/06/2026 01:00;28.9;31;30.3;0;0;;32.19583333;30.29583333;;
24/06/2026 02:00;28.1;31;30.3;0;0;;32.2625;30.32291667;;
24/06/2026 03:00;27;30.9;30.2;0;0;;32.30416667;30.34791667;;
24/06/2026 04:00;26.3;30.8;30.2;0;0;;32.35;30.37291667;;
24/06/2026 05:00;25.5;30.7;30.1;0;0;;32.39166667;30.39375;;
24/06/2026 06:00;25;30.7;30;0;0;;32.43333333;30.41458333;;
24/06/2026 07:00;25.7;30.7;30;271.8;0;;32.4875;30.43541667;;
24/06/2026 08:00;27.5;30.7;30.1;574.2;0;;32.55;30.45833333;;
24/06/2026 09:00;29.7;30.7;30.2;731.4;0;;32.60833333;30.47916667;;
24/06/2026 10:00;32.6;30.8;30.3;791;0;;32.7;30.49791667;;
24/06/2026 11:00;35.3;31;30.4;808.5;0;;32.80833333;30.52291667;;
24/06/2026 12:00;37.4;31.1;30.5;816.2;0;;32.91666667;30.54791667;;
24/06/2026 13:00;39.2;31.2;30.6;820.3;0;;33.02083333;30.575;;
24/06/2026 14:00;40.3;31.3;30.7;820;0;;33.1;30.60416667;;
24/06/2026 15:00;40.9;31.4;30.8;811.1;0;;33.19166667;30.63333333;;
24/06/2026 16:00;41.3;31.3;30.9;805.6;0;;33.27083333;30.6625;;
24/06/2026 17:00;41.4;31.5;31;790.3;0;;33.3375;30.69375;;
24/06/2026 18:00;41.1;31.6;31.1;753.8;0;;33.4;30.725;;
24/06/2026 19:00;40.7;31.7;31.2;659.5;0;;33.45833333;30.75833333;;
24/06/2026 20:00;39.8;31.9;31.3;464.6;0;;33.51666667;30.79166667;;
24/06/2026 21:00;37.6;32;31.3;105.9;0;;33.58333333;30.82916667;;
24/06/2026 22:00;34.7;32.2;31.4;0;0;;33.6375;30.875;;
24/06/2026 23:00;33.3;32.1;31.4;0;0;;33.71666667;30.91666667;;
25/06/2026 00:00;32.1;32.1;31.4;0;0;;33.80833333;30.96041667;;
25/06/2026 01:00;31;32;31.4;0;0;;33.89583333;31.00416667;;
25/06/2026 02:00;30.1;32;31.4;0;0;;33.97916667;31.04791667;;
25/06/2026 03:00;29.1;31.9;31.3;0;0;;34.06666667;31.09166667;;
25/06/2026 04:00;28.2;31.9;31.3;0;0;;34.14583333;31.1375;;
25/06/2026 05:00;27.5;31.9;31.2;0;0;;34.22916667;31.18541667;;
25/06/2026 06:00;26.8;31.8;31.2;0;0;;34.30416667;31.23333333;;
25/06/2026 07:00;26.9;31.8;31.2;270.5;0;;34.35416667;31.28125;;
25/06/2026 08:00;28.4;31.8;31.3;573.5;0;;34.39166667;31.32916667;;
25/06/2026 09:00;31;31.9;31.3;433.4;0;;34.44583333;31.37708333;;
25/06/2026 10:00;33;32.1;31.4;588.4;0;;34.4625;31.42708333;;
25/06/2026 11:00;35.2;32.2;31.5;615;0;;34.45833333;31.475;;
25/06/2026 12:00;36.9;32.3;31.6;682.9;0;;34.4375;31.52291667;;
25/06/2026 13:00;38.3;32.4;31.7;787.7;0;;34.4;31.57083333;;
25/06/2026 14:00;39.2;32.4;31.7;782.5;0;;34.35416667;31.61458333;;
25/06/2026 15:00;40.3;32.5;31.8;683.4;0;;34.32916667;31.65833333;;
25/06/2026 16:00;40.5;32.5;31.9;617.4;0;;34.29583333;31.70416667;;
25/06/2026 17:00;40.6;32.7;32;595.4;0;;34.2625;31.75;;
25/06/2026 18:00;40.6;32.7;32;631.9;0;;34.24166667;31.79166667;;
25/06/2026 19:00;40.1;32.9;32.1;216.2;0;;34.21666667;31.83541667;;
25/06/2026 20:00;39.1;33;32.1;0;0;;34.1875;31.875;;
25/06/2026 21:00;35.9;33.1;32.2;52.6;0;;34.11666667;31.91666667;;
25/06/2026 22:00;33.9;33;32.2;0;0;;34.08333333;31.95;;
25/06/2026 23:00;33;33.2;32.2;0;0;;34.07083333;31.98958333;;
26/06/2026 00:00;31.8;33;32.2;0;0;;34.05833333;32.025;;
26/06/2026 01:00;30.7;32.9;32.2;0;0;;34.04583333;32.06041667;;
26/06/2026 02:00;29.8;32.8;32.2;0;0;;34.03333333;32.09375;;
26/06/2026 03:00;28.5;32.7;32.1;0;0;;34.00833333;32.12708333;;
26/06/2026 04:00;28.1;32.6;32;0;0;;34.00416667;32.15625;;
26/06/2026 05:00;27.6;32.5;32;0;0;;34.00833333;32.18541667;;
26/06/2026 06:00;26.9;32.5;31.9;0;0;;34.0125;32.21458333;;
26/06/2026 07:00;27.1;32.4;31.8;235.8;0;;34.02083333;32.23958333;;
26/06/2026 08:00;28.2;32.3;31.7;523.7;0;;34.0125;32.25833333;;
26/06/2026 09:00;31;32.2;31.7;615.8;0;;34.0125;32.27291667;;
26/06/2026 10:00;33.4;32.3;31.7;689.1;0;;34.02916667;32.28333333;;
26/06/2026 11:00;35.3;32.4;31.9;748.5;0;;34.03333333;32.29583333;;
26/06/2026 12:00;36.8;32.5;32;789.5;0;;34.02916667;32.30833333;;
26/06/2026 13:00;37.8;32.5;32.1;794.7;0;;34.00833333;32.31875;;
26/06/2026 14:00;38.3;32.5;32.1;785.9;0;;33.97083333;32.32916667;;
26/06/2026 15:00;37.8;32.6;32.2;12.9;0;;33.86666667;32.33958333;;
26/06/2026 16:00;37.1;32.6;32.2;0;0.1;;33.725;32.34791667;;
26/06/2026 17:00;32.6;32.7;32.3;34.9;0.3;;33.39166667;32.35416667;;
26/06/2026 18:00;32.8;32.8;32.4;125.3;0;;33.06666667;32.36458333;;
26/06/2026 19:00;30;32.8;32.5;463.3;0;;32.64583333;32.37083333;;
26/06/2026 20:00;26.5;32.9;32.4;375.2;0.5;;32.12083333;32.375;;
26/06/2026 21:00;29.3;32.9;32.4;0;0.1;;31.84583333;32.375;;
26/06/2026 22:00;26.4;32.7;32.2;0;0.2;;31.53333333;32.36875;;
26/06/2026 23:00;26.6;32.5;32;0;0.1;;31.26666667;32.35;;
27/06/2026 00:00;26.7;32.3;31.8;0;0;;31.05416667;32.32708333;;
27/06/2026 01:00;26.4;32.1;31.6;0;0;;30.875;32.29791667;;
27/06/2026 02:00;24.7;31.9;31.5;0;0.3;;30.6625;32.26458333;;
27/06/2026 03:00;25.4;31.7;31.4;0;0;;30.53333333;32.22916667;;
27/06/2026 04:00;24.4;31.5;31.2;0;0;;30.37916667;32.18958333;;
27/06/2026 05:00;23.4;31.4;31;0;0;;30.20416667;32.14583333;;
27/06/2026 06:00;22.6;31.1;30.9;0;0;;30.025;32.09583333;;
27/06/2026 07:00;22.6;31;30.7;267.4;0;;29.8375;32.04375;;
27/06/2026 08:00;23.9;30.9;30.5;571.8;0;;29.65833333;31.98958333;;
27/06/2026 09:00;25.6;30.8;30.4;724.8;0;;29.43333333;31.93333333;;
27/06/2026 10:00;27.6;31;30.6;772.4;0;;29.19166667;31.88333333;;
27/06/2026 11:00;30.1;31.1;30.7;601.4;0;;28.975;31.83125;;
27/06/2026 12:00;32.4;31.2;30.9;703.9;0;;28.79166667;31.78125;;
27/06/2026 13:00;34.5;31.4;31.1;800.4;0;;28.65416667;31.7375;;
27/06/2026 14:00;35.8;31.5;31.2;798.8;0;;28.55;31.69791667;;
27/06/2026 15:00;37.3;31.6;31.3;799.2;0;;28.52916667;31.65833333;;
27/06/2026 16:00;38;31.7;31.5;715.5;0;;28.56666667;31.625;;
27/06/2026 17:00;38.1;31.8;31.6;707.1;0;;28.79583333;31.59166667;;
27/06/2026 18:00;37.9;32;31.7;536.3;0;;29.00833333;31.56041667;;
27/06/2026 19:00;36.9;32.1;31.8;47.3;0;;29.29583333;31.53125;;
27/06/2026 20:00;35.1;32.1;31.8;0;0;;29.65416667;31.50208333;;
27/06/2026 21:00;23.3;32.1;31.9;0;0.7;;29.40416667;31.475;;
27/06/2026 22:00;26.6;31.9;31.4;0;0.1;;29.4125;31.44166667;;
27/06/2026 23:00;26.4;31.6;31;0;0;;29.40416667;31.40208333;;
28/06/2026 00:00;25.8;31.5;30.9;0;0;;29.36666667;31.36666667;;
28/06/2026 01:00;25.4;31.3;30.8;0;0;;29.325;31.33333333;;
28/06/2026 02:00;25.2;31.2;30.7;0;0;;29.34583333;31.30208333;;
28/06/2026 03:00;24.7;31.1;30.5;0;0;;29.31666667;31.27083333;;
28/06/2026 04:00;23.9;30.9;30.5;0;0;;29.29583333;31.24375;;
28/06/2026 05:00;23.4;30.9;30.5;0;0;;29.29583333;31.22291667;;
28/06/2026 06:00;22.8;30.9;30.3;0;0;;29.30416667;31.20625;;
28/06/2026 07:00;22.6;30.8;30.2;265.5;0;;29.30416667;31.19166667;;
28/06/2026 08:00;23.6;30.7;30;570.8;0;;29.29166667;31.17708333;;
28/06/2026 09:00;24.1;30.6;29.9;12.2;0;;29.22916667;31.1625;;
28/06/2026 10:00;23.6;30.5;29.7;3.2;0;;29.0625;31.13333333;;
28/06/2026 11:00;21.1;30.3;29.5;0;0.6;;28.6875;31.09166667;;
28/06/2026 12:00;19.1;30.3;29.5;0;2;;28.13333333;31.04375;;
28/06/2026 13:00;24.5;30.3;29.7;610.8;0;;27.71666667;30.99166667;;
28/06/2026 14:00;28.8;30.3;29.8;621;0;;27.425;30.9375;;
28/06/2026 15:00;31.9;30.3;30;770.9;0;;27.2;30.88333333;;
28/06/2026 16:00;32.9;30.3;30.2;595.8;0;;26.9875;30.82708333;;
28/06/2026 17:00;33.1;30.4;30.3;14.8;0;;26.77916667;30.77083333;;
28/06/2026 18:00;31.2;30.3;30.3;0;0;;26.5;30.70625;;
28/06/2026 19:00;30;30.2;30.3;109.8;0;;26.2125;30.63541667;;
28/06/2026 20:00;29.1;30.3;30.2;56.4;0.1;;25.9625;30.56458333;;
28/06/2026 21:00;27.1;30.1;30;74.7;0;;26.12083333;30.48333333;;
28/06/2026 22:00;24.7;29.9;29.9;0;0;;26.04166667;30.41041667;;
28/06/2026 23:00;23.3;29.8;29.8;0;0;;25.9125;30.34791667;;
29/06/2026 00:00;21.8;29.6;29.6;0;0;;25.74583333;30.28125;;
29/06/2026 01:00;19.4;29.4;29.4;0;0.2;;25.49583333;30.2125;;
29/06/2026 02:00;18.5;29;29.2;0;0.1;;25.21666667;30.13541667;;
29/06/2026 03:00;18.1;28.7;28.9;0;0;;24.94166667;30.05208333;;
29/06/2026 04:00;17.7;28.4;28.6;0;0;;24.68333333;29.96041667;;
29/06/2026 05:00;17.4;28.1;28.4;0;0;;24.43333333;29.85833333;;
29/06/2026 06:00;17;27.9;28.3;0;0;;24.19166667;29.75416667;;
29/06/2026 07:00;17.1;27.8;27.8;263.4;0;;23.9625;29.64166667;;
29/06/2026 08:00;17.8;27.6;27;413.6;0;;23.72083333;29.51458333;;
29/06/2026 09:00;19.1;27.5;27;594.4;0;;23.5125;29.38958333;;
29/06/2026 10:00;20.8;27.7;27.3;751.3;0;;23.39583333;29.28125;;
29/06/2026 11:00;22.5;27.8;27.6;836.3;0;;23.45416667;29.18958333;;
29/06/2026 12:00;24.2;27.9;27.9;844.4;0;;23.66666667;29.10625;;
29/06/2026 13:00;26;28.1;28;857.2;0;;23.72916667;29.025;;
29/06/2026 14:00;27.4;28.2;28.2;862.8;0;;23.67083333;28.94791667;;
29/06/2026 15:00;28.6;28.3;28.3;856.5;0;;23.53333333;28.87083333;;
29/06/2026 16:00;29.2;28.3;28.4;851.1;0;;23.37916667;28.79166667;;
29/06/2026 17:00;29.5;28.4;28.4;835.3;0;;23.22916667;28.71041667;;
29/06/2026 18:00;29.4;28.4;28.5;793.9;0;;23.15416667;28.63333333;;
29/06/2026 19:00;29.4;28.4;28.5;696.9;0;;23.12916667;28.55833333;;
29/06/2026 20:00;28.8;28.5;28.6;499.4;0;;23.11666667;28.4875;;
29/06/2026 21:00;27.2;28.4;28.5;0;0;;23.12083333;28.42083333;;
29/06/2026 22:00;26.1;28.2;28.3;0;0;;23.17916667;28.35208333;;
29/06/2026 23:00;22.9;28.1;28.2;0;0;;23.1625;28.28333333;;
30/06/2026 00:00;21.4;27.9;28.1;0;0;;23.14583333;28.21666667;;
30/06/2026 01:00;20.5;27.8;27.9;0;0;;23.19166667;28.15208333;;
30/06/2026 02:00;19.6;27.6;27.8;0;0;;23.2375;28.09375;;
30/06/2026 03:00;18.5;27.4;27.6;0;0;;23.25416667;28.03958333;;
30/06/2026 04:00;18.2;27.4;27.3;0;0;;23.275;27.99166667;;
30/06/2026 05:00;17.8;27.2;27.2;0;0;;23.29166667;27.94791667;;
30/06/2026 06:00;17.5;27.2;27;0;0;;23.3125;27.90625;;
30/06/2026 07:00;17.9;27.1;27;218.8;0;;23.34583333;27.875;;
30/06/2026 08:00;19;27.1;26.9;568.3;0;;23.39583333;27.8625;;
30/06/2026 09:00;20.4;27.1;26.9;704.4;0;;23.45;27.85208333;;
30/06/2026 10:00;22.6;27.2;27.1;794.4;0;;23.525;27.8375;;
30/06/2026 11:00;24.5;27.3;27.2;818.7;0;;23.60833333;27.81875;;
30/06/2026 12:00;26;27.3;27.3;467.6;0;;23.68333333;27.79375;;
30/06/2026 13:00;26.7;27.4;27.4;618.9;0;;23.7125;27.76666667;;
30/06/2026 14:00;28.1;27.5;27.6;698.5;0;;23.74166667;27.73958333;;
30/06/2026 15:00;29.3;27.6;27.6;656.5;0;;23.77083333;27.71041667;;
30/06/2026 16:00;30;27.5;27.7;582;0;;23.80416667;27.67916667;;
30/06/2026 17:00;30.4;27.5;27.6;182.2;0;;23.84166667;27.64375;;
30/06/2026 18:00;29.9;27.4;27.5;305;0;;23.8625;27.60208333;;
30/06/2026 19:00;28.6;27.4;27.5;498.2;0;;23.82916667;27.56041667;;
30/06/2026 20:00;27.1;27.5;27.5;266.4;0;;23.75833333;27.51666667;;
30/06/2026 21:00;26.3;27.5;27.4;0;0;;23.72083333;27.475;;
30/06/2026 22:00;24.5;27.4;27.3;0;0;;23.65416667;27.4375;;
30/06/2026 23:00;22.7;27.4;27.2;0;0;;23.64583333;27.40208333;;
